السنة,الربع,المنطقة,النشاط الاقتصادي,عدد المنشآت متناهية الصغر,عدد المنشآت الصغيرة,عدد المنشآت المتوسطة,عدد المنشآت الكبيرة,عدد المنشآت,Unnamed: 9,Unnamed: 10,Unnamed: 11,Unnamed: 12,Unnamed: 13,Unnamed: 14,Unnamed: 15,Unnamed: 16,Unnamed: 17,Unnamed: 18
2023,2,المنطقة الشرقية,أبحاث الإعلان والسوق,703.0,199.0,6.0,3.0,911.0,,,,,,,,,,
2023,2,المنطقة الشرقية,استخراج النفط الخام والغاز الطبيعي,31.0,16.0,11.0,5.0,63.0,,"اخلاء مسؤولية:
 - تمت معالجة البيانات بأقصى قدر من الجهد والحرص لضمان جودتها. ومع ذلك، تحتفظ منشآت بالحق في إجراء اي تغييرات على البيانات دون إشعار مسبق حيث أنها تخضع للتغييرات التي تحدث على مصدر البيانات الرئيسي ""المؤسسة العامة للتأمينات الاجتماعية"".
- ""منشآت"" غير مسؤولة عن أي ضرر أو سوء استخدام تتعرض له الجهات نتيجة استخدام هذه البيانات المنشورة بالبوابة الإلكترونية لـ""منشآت""، كما أن ""منشآت"" لا تضمن استمرارية توافر هذه البيانات أو جزء منها، كما لا تتحمل ""منشآت"" أي مسؤولية تجاه مستخدمي هذه البيانات، وما قد يقع عليهم من ضرر أو خسارة بسبب إعادة استخدامها.",,,,,,,,
2023,2,المنطقة الشرقية,إصلاح أجهزة الحاسوب والسلع الشخصية والمنزلية,893.0,92.0,14.0,,999.0,,,,,,,,,,
2023,2,المنطقة الشرقية,إصلاح وتركيب الآلات والمعدات,957.0,346.0,73.0,19.0,1395.0,,,,,,,,,,
2023,2,المنطقة الشرقية,الاتصالات,100.0,24.0,3.0,,127.0,,,,,,,,,,
2023,2,المنطقة الشرقية,الإدارة العامة والدفاع ؛ والضمان الاجتماعي الإلزامي,72.0,16.0,1.0,2.0,91.0,,,,,,,,,,
2023,2,المنطقة الشرقية,الإقامة,334.0,267.0,33.0,1.0,635.0,,,,,,,,,,
2023,2,المنطقة الشرقية,الأنشطة الإبداعية والفنون وأنشطة الترفيه,28.0,3.0,,,31.0,,,,,,,,,,
2023,2,المنطقة الشرقية,الأنشطة الأخرى للتعدين واستغلال المحاجر,98.0,63.0,11.0,4.0,176.0,,,,,,,,,,
2023,2,المنطقة الشرقية,الأنشطة الإدارية للمكاتب ، وأنشطة الدعم للمكاتب وغير ذلك من أنشطة الدعم للأعمال,806.0,130.0,14.0,3.0,953.0,,,,,,,,,,
2023,2,المنطقة الشرقية,الأنشطة الإيجارية,1908.0,313.0,40.0,8.0,2269.0,,,,,,,,,,
2023,2,المنطقة الشرقية,الأنشطة البيطرية,49.0,14.0,,,63.0,,,,,,,,,,
2023,2,المنطقة الشرقية,الأنشطة الرياضية وأنشطة التسلية والترفيه,328.0,143.0,7.0,,478.0,,,,,,,,,,
2023,2,المنطقة الشرقية,الأنشطة العقارية,741.0,204.0,15.0,1.0,961.0,,,,,,,,,,
2023,2,المنطقة الشرقية,الأنشطة القانونية وأنشطة المحاسبة,313.0,130.0,9.0,,452.0,,,,,,,,,,
2023,2,المنطقة الشرقية,الأنشطة المساعدة لأنشطة الخدمات المالية وأنشطة التأمين,36.0,37.0,5.0,1.0,79.0,,,,,,,,,,
2023,2,المنطقة الشرقية,الأنشطة المهنية والعلمية والتقنية الأخرى,226.0,30.0,,1.0,257.0,,,,,,,,,,
2023,2,المنطقة الشرقية,الأنشطة غير المتميزة لإنتاج السلع والخدمات التي تقوم بها الأسر المعيشية الخاصة لإستعمالها الخاص,1.0,1.0,,,2.0,,,,,,,,,,
2023,2,المنطقة الشرقية,البحث والتطوير في المجال العلمي,18.0,7.0,2.0,,27.0,,,,,,,,,,
2023,2,المنطقة الشرقية,التخزين وأنشطة الدعم للنقل,753.0,348.0,63.0,13.0,1177.0,,,,,,,,,,
2023,2,المنطقة الشرقية,التعليم,383.0,304.0,83.0,12.0,782.0,,,,,,,,,,
2023,2,المنطقة الشرقية,الحراجة وقطع الأخشاب,4.0,,,,4.0,,,,,,,,,,
2023,2,المنطقة الشرقية,الرعاية مع الإقامة,7.0,8.0,1.0,,16.0,,,,,,,,,,
2023,2,المنطقة الشرقية,الصحة البشرية,214.0,343.0,111.0,32.0,700.0,,,,,,,,,,
2023,2,المنطقة الشرقية,الصرف الصحي,32.0,27.0,4.0,3.0,66.0,,,,,,,,,,
2023,2,المنطقة الشرقية,الصناعة التحويلية الأخرى,109.0,84.0,23.0,6.0,222.0,,,,,,,,,,
2023,2,المنطقة الشرقية,الطباعة واستنساخ وسائط الأعلام المسجّلة,80.0,66.0,2.0,1.0,149.0,,,,,,,,,,
2023,2,المنطقة الشرقية,النقل البري و النقل عبر الأنابيب,2051.0,832.0,213.0,53.0,3149.0,,,,,,,,,,
2023,2,المنطقة الشرقية,النقل الجوي,61.0,17.0,,,78.0,,,,,,,,,,
2023,2,المنطقة الشرقية,النقل المائي,45.0,26.0,12.0,,83.0,,,,,,,,,,
2023,2,المنطقة الشرقية,الهندسة المدنية,584.0,448.0,179.0,96.0,1307.0,,,,,,,,,,
2023,2,المنطقة الشرقية,أنشطة الاستخدام,293.0,49.0,10.0,22.0,374.0,,,,,,,,,,
2023,2,المنطقة الشرقية,أنشطة الاسر المعيشية التي تستخدم أفراداً للعمل المنزلي,6.0,1.0,,,7.0,,,,,,,,,,
2023,2,المنطقة الشرقية,أنشطة الأمن والتحقيقات,56.0,27.0,14.0,8.0,105.0,,,,,,,,,,
2023,2,المنطقة الشرقية,أنشطة البرمجة الحاسوبية والخبرة الاستشارية وما يتصل بها من أنشطة,300.0,103.0,10.0,2.0,415.0,,,,,,,,,,
2023,2,المنطقة الشرقية,أنشطة البرمجة والإذاعة,11.0,3.0,,,14.0,,,,,,,,,,
2023,2,المنطقة الشرقية,أنشطة البريد ونقل الرسائل والطرود بواسطة مندوبين,23.0,10.0,1.0,1.0,35.0,,,,,,,,,,
2023,2,المنطقة الشرقية,أنشطة التشييد المتخصصة,7181.0,1957.0,238.0,87.0,9463.0,,,,,,,,,,
2023,2,المنطقة الشرقية,أنشطة الخدمات الشخصية الأخرى,6695.0,734.0,11.0,4.0,7444.0,,,,,,,,,,
2023,2,المنطقة الشرقية,أنشطة الخدمات المالية ، فيما عدا تمويل التأمين وصناديق المعاشات,174.0,69.0,19.0,3.0,265.0,,,,,,,,,,
2023,2,المنطقة الشرقية,أنشطة العمل الاجتماعي، دون إقامة,221.0,164.0,16.0,2.0,403.0,,,,,,,,,,
2023,2,المنطقة الشرقية,أنشطة المعالجة وخدمات إدارة النفايات الأخرى,3.0,6.0,1.0,,10.0,,,,,,,,,,
2023,2,المنطقة الشرقية,أنشطة المعمارية والهندسية ، والاختبارات الفنية والتحليل,491.0,283.0,68.0,24.0,866.0,,,,,,,,,,
2023,2,المنطقة الشرقية,أنشطة المكاتب الرئيسية، والأنشطة الاستشارية في مجال الإدارة,115.0,41.0,7.0,,163.0,,,,,,,,,,
2023,2,المنطقة الشرقية,أنشطة المكتبات والمحفوظات والمتاحف والأنشطة الثقافية الأخرى,23.0,3.0,,,26.0,,,,,,,,,,
2023,2,المنطقة الشرقية,أنشطة المنظمات ذات العضوية,63.0,18.0,1.0,,82.0,,,,,,,,,,
2023,2,المنطقة الشرقية,أنشطة النشر,60.0,21.0,2.0,,83.0,,,,,,,,,,
2023,2,المنطقة الشرقية,أنشطة تقديم الخدمات للمباني وتجميل المواقع,1191.0,496.0,137.0,68.0,1892.0,,,,,,,,,,
2023,2,المنطقة الشرقية,أنشطة جمع النفايات ومعالجتها وتصريفها ، واسترجاع المواد,57.0,56.0,17.0,4.0,134.0,,,,,,,,,,
2023,2,المنطقة الشرقية,أنشطة خدمات الأطعمة والمشروبات,9502.0,3784.0,203.0,17.0,13506.0,,,,,,,,,,
2023,2,المنطقة الشرقية,أنشطة خدمات المعلومات,41.0,19.0,6.0,,66.0,,,,,,,,,,
2023,2,المنطقة الشرقية,أنشطة خدمات دعم التعدين,77.0,58.0,25.0,27.0,187.0,,,,,,,,,,
2023,2,المنطقة الشرقية,أنشطة زراعة المحاصيل والإنتاج الحيواني والصيد والخدمات المتصلة,1852.0,236.0,27.0,4.0,2119.0,,,,,,,,,,
2023,2,المنطقة الشرقية,تجارة التجزئة، باستثناء المركبات ذات المحركات والدراجات النارية,17581.0,3458.0,198.0,24.0,21261.0,,,,,,,,,,
2023,2,المنطقة الشرقية,تجارة الجملة ، باستثناء المركبات ذات المحركات والدراجات النارية,6596.0,2280.0,184.0,15.0,9075.0,,,,,,,,,,
2023,2,المنطقة الشرقية,تجارة الجملة والتجزئة ، وإصلاح المركبات ذات المحركات والدراجات النارية,7268.0,1907.0,63.0,8.0,9246.0,,,,,,,,,,
2023,2,المنطقة الشرقية,تجميع المياه ومعالجتها وتوصيلها,88.0,35.0,1.0,2.0,126.0,,,,,,,,,,
2023,2,المنطقة الشرقية,تشييد المباني,12938.0,4902.0,770.0,155.0,18765.0,,,,,,,,,,
2023,2,المنطقة الشرقية,تعدين الفحم والليغنيت,6.0,3.0,,,9.0,,,,,,,,,,
2023,2,المنطقة الشرقية,تعدين ركازات الفلزات,46.0,10.0,1.0,1.0,58.0,,,,,,,,,,
2023,2,المنطقة الشرقية,تمويل التأمين وإعادة التأمين وصناديق المعاشات التقاعدية باستثناء الضمان الاجتماعي الإلزامي,1.0,8.0,4.0,2.0,15.0,,,,,,,,,,
2023,2,المنطقة الشرقية,توصيل الكهرباء والغاز والبخار وتكييف الهواء,67.0,50.0,8.0,1.0,126.0,,,,,,,,,,
2023,2,المنطقة الشرقية,صُنع الخشب ومنتجات الخشب والفلين ، باستثناء الأثاث ، صُنع أصناف من القش ومواد الضفر,429.0,179.0,17.0,2.0,627.0,,,,,,,,,,
2023,2,المنطقة الشرقية,صُنع المشروبات,34.0,23.0,6.0,4.0,67.0,,,,,,,,,,
2023,2,المنطقة الشرقية,صُنع الملبوسات,2308.0,221.0,14.0,,2543.0,,,,,,,,,,
2023,2,المنطقة الشرقية,صُنع المنتجات الجلدية والمنتجات ذات الصلة,14.0,9.0,1.0,,24.0,,,,,,,,,,
2023,2,المنطقة الشرقية,صُنع المنتجات الغذائية,735.0,346.0,85.0,17.0,1183.0,,,,,,,,,,
2023,2,المنطقة الشرقية,صُنع المنسوجات,301.0,81.0,8.0,1.0,391.0,,,,,,,,,,
2023,2,المنطقة الشرقية,صُنع المواد الكيميائية والمنتجات الكيميائية,141.0,190.0,102.0,18.0,451.0,,,,,,,,,,
2023,2,المنطقة الشرقية,صُنع الورق ومنتجات الورق,41.0,53.0,23.0,8.0,125.0,,,,,,,,,,
2023,2,المنطقة الشرقية,صناعة الآلات والمعدات غير المصنفة في موضع أخر,69.0,69.0,39.0,7.0,184.0,,,,,,,,,,
2023,2,المنطقة الشرقية,صناعة المركبات ذات المحركات والمركبات المقطورة ونصف المقطورة,30.0,27.0,11.0,2.0,70.0,,,,,,,,,,
2023,2,المنطقة الشرقية,صناعة معدات النقل الأخرى,12.0,5.0,4.0,2.0,23.0,,,,,,,,,,
2023,2,المنطقة الشرقية,صنع الأثاث,546.0,163.0,36.0,2.0,747.0,,,,,,,,,,
2023,2,المنطقة الشرقية,صنع الحواسيب والمنتجات الإلكترونية والبصرية,44.0,23.0,5.0,,72.0,,,,,,,,,,
2023,2,المنطقة الشرقية,صنع الفلزات القاعدية,113.0,99.0,56.0,21.0,289.0,,,,,,,,,,
2023,2,المنطقة الشرقية,صنع المعدات الكهربائية,110.0,57.0,29.0,8.0,204.0,,,,,,,,,,
2023,2,المنطقة الشرقية,صنع المنتجات الصيدلانية الأساسية والمستحضرات الصيدلانية,20.0,8.0,5.0,1.0,34.0,,,,,,,,,,
2023,2,المنطقة الشرقية,صنع فحم الكوك والمنتجات النفطية المكررة,12.0,25.0,7.0,8.0,52.0,,,,,,,,,,
2023,2,المنطقة الشرقية,صنع منتجات المطاط واللدائن,66.0,70.0,36.0,4.0,176.0,,,,,,,,,,
2023,2,المنطقة الشرقية,صنع منتجات المعادن اللافلزية الأخرى,377.0,293.0,130.0,18.0,818.0,,,,,,,,,,
2023,2,المنطقة الشرقية,صنع منتجات المعادن المشكلة ( باستثناء الآلات والمعدات ),1517.0,665.0,116.0,22.0,2320.0,,,,,,,,,,
2023,2,المنطقة الشرقية,صيد الأسماك وتربية المائيات,2116.0,115.0,,,2231.0,,,,,,,,,,
2023,2,المنطقة الشرقية,وكالات السفر ومشغّلو الجولات السياحية وخدمات الحجز والأنشطة المتصلة بها,197.0,54.0,7.0,1.0,259.0,,,,,,,,,,
2023,2,المنطقة الشرقية,غير معرف,7966.0,230.0,1.0,1.0,8198.0,,,,,,,,,,
2023,2,منطقة الباحة,أبحاث الإعلان والسوق,30.0,2.0,,,32.0,,,,,,,,,,
2023,2,منطقة الباحة,إصلاح أجهزة الحاسوب والسلع الشخصية والمنزلية,72.0,2.0,,,74.0,,,,,,,,,,
2023,2,منطقة الباحة,إصلاح وتركيب الآلات والمعدات,50.0,2.0,,,52.0,,,,,,,,,,
2023,2,منطقة الباحة,الاتصالات,3.0,1.0,,,4.0,,,,,,,,,,
2023,2,منطقة الباحة,الإدارة العامة والدفاع ؛ والضمان الاجتماعي الإلزامي,8.0,1.0,,,9.0,,,,,,,,,,
2023,2,منطقة الباحة,الإقامة,76.0,20.0,1.0,,97.0,,,,,,,,,,
2023,2,منطقة الباحة,الأنشطة الإبداعية والفنون وأنشطة الترفيه,1.0,,,,1.0,,,,,,,,,,
2023,2,منطقة الباحة,الأنشطة الأخرى للتعدين واستغلال المحاجر,8.0,2.0,1.0,,11.0,,,,,,,,,,
2023,2,منطقة الباحة,الأنشطة الإدارية للمكاتب ، وأنشطة الدعم للمكاتب وغير ذلك من أنشطة الدعم للأعمال,50.0,5.0,,,55.0,,,,,,,,,,
2023,2,منطقة الباحة,الأنشطة الإيجارية,142.0,7.0,,,149.0,,,,,,,,,,
2023,2,منطقة الباحة,الأنشطة البيطرية,2.0,,,,2.0,,,,,,,,,,
2023,2,منطقة الباحة,الأنشطة الرياضية وأنشطة التسلية والترفيه,30.0,2.0,,,32.0,,,,,,,,,,
2023,2,منطقة الباحة,الأنشطة العقارية,32.0,3.0,,,35.0,,,,,,,,,,
2023,2,منطقة الباحة,الأنشطة القانونية وأنشطة المحاسبة,13.0,,,,13.0,,,,,,,,,,
2023,2,منطقة الباحة,الأنشطة المهنية والعلمية والتقنية الأخرى,14.0,,,,14.0,,,,,,,,,,
2023,2,منطقة الباحة,التخزين وأنشطة الدعم للنقل,24.0,3.0,,,27.0,,,,,,,,,,
2023,2,منطقة الباحة,التعليم,17.0,11.0,,,28.0,,,,,,,,,,
2023,2,منطقة الباحة,الصحة البشرية,23.0,33.0,2.0,,58.0,,,,,,,,,,
2023,2,منطقة الباحة,الصرف الصحي,5.0,,,,5.0,,,,,,,,,,
2023,2,منطقة الباحة,الصناعة التحويلية الأخرى,10.0,1.0,,,11.0,,,,,,,,,,
2023,2,منطقة الباحة,الطباعة واستنساخ وسائط الأعلام المسجّلة,9.0,2.0,,,11.0,,,,,,,,,,
2023,2,منطقة الباحة,النقل البري و النقل عبر الأنابيب,179.0,8.0,,,187.0,,,,,,,,,,
2023,2,منطقة الباحة,النقل المائي,1.0,,,,1.0,,,,,,,,,,
2023,2,منطقة الباحة,الهندسة المدنية,27.0,5.0,2.0,,34.0,,,,,,,,,,
2023,2,منطقة الباحة,أنشطة الاستخدام,15.0,,1.0,,16.0,,,,,,,,,,
2023,2,منطقة الباحة,أنشطة الأمن والتحقيقات,,1.0,,,1.0,,,,,,,,,,
2023,2,منطقة الباحة,أنشطة البرمجة الحاسوبية والخبرة الاستشارية وما يتصل بها من أنشطة,4.0,,,,4.0,,,,,,,,,,
2023,2,منطقة الباحة,أنشطة البريد ونقل الرسائل والطرود بواسطة مندوبين,1.0,,,,1.0,,,,,,,,,,
2023,2,منطقة الباحة,أنشطة التشييد المتخصصة,553.0,50.0,2.0,,605.0,,,,,,,,,,
2023,2,منطقة الباحة,أنشطة الخدمات الشخصية الأخرى,508.0,11.0,,,519.0,,,,,,,,,,
2023,2,منطقة الباحة,أنشطة الخدمات المالية ، فيما عدا تمويل التأمين وصناديق المعاشات,5.0,,,,5.0,,,,,,,,,,
2023,2,منطقة الباحة,أنشطة العمل الاجتماعي، دون إقامة,43.0,30.0,,,73.0,,,,,,,,,,
2023,2,منطقة الباحة,أنشطة المعمارية والهندسية ، والاختبارات الفنية والتحليل,93.0,16.0,,,109.0,,,,,,,,,,
2023,2,منطقة الباحة,أنشطة المكاتب الرئيسية، والأنشطة الاستشارية في مجال الإدارة,2.0,,,,2.0,,,,,,,,,,
2023,2,منطقة الباحة,أنشطة المكتبات والمحفوظات والمتاحف والأنشطة الثقافية الأخرى,2.0,,,,2.0,,,,,,,,,,
2023,2,منطقة الباحة,أنشطة المنظمات ذات العضوية,15.0,,,,15.0,,,,,,,,,,
2023,2,منطقة الباحة,أنشطة النشر,5.0,1.0,,,6.0,,,,,,,,,,
2023,2,منطقة الباحة,أنشطة تقديم الخدمات للمباني وتجميل المواقع,48.0,8.0,1.0,2.0,59.0,,,,,,,,,,
2023,2,منطقة الباحة,أنشطة جمع النفايات ومعالجتها وتصريفها ، واسترجاع المواد,1.0,1.0,,,2.0,,,,,,,,,,
2023,2,منطقة الباحة,أنشطة خدمات الأطعمة والمشروبات,885.0,235.0,2.0,,1122.0,,,,,,,,,,
2023,2,منطقة الباحة,أنشطة خدمات دعم التعدين,3.0,,,,3.0,,,,,,,,,,
2023,2,منطقة الباحة,أنشطة زراعة المحاصيل والإنتاج الحيواني والصيد والخدمات المتصلة,157.0,4.0,,,161.0,,,,,,,,,,
2023,2,منطقة الباحة,تجارة التجزئة، باستثناء المركبات ذات المحركات والدراجات النارية,1588.0,246.0,5.0,,1839.0,,,,,,,,,,
2023,2,منطقة الباحة,تجارة الجملة ، باستثناء المركبات ذات المحركات والدراجات النارية,413.0,85.0,2.0,,500.0,,,,,,,,,,
2023,2,منطقة الباحة,تجارة الجملة والتجزئة ، وإصلاح المركبات ذات المحركات والدراجات النارية,721.0,68.0,,,789.0,,,,,,,,,,
2023,2,منطقة الباحة,تجميع المياه ومعالجتها وتوصيلها,31.0,2.0,,1.0,34.0,,,,,,,,,,
2023,2,منطقة الباحة,تشييد المباني,1289.0,209.0,5.0,,1503.0,,,,,,,,,,
2023,2,منطقة الباحة,تعدين ركازات الفلزات,4.0,,,,4.0,,,,,,,,,,
2023,2,منطقة الباحة,تمويل التأمين وإعادة التأمين وصناديق المعاشات التقاعدية باستثناء الضمان الاجتماعي الإلزامي,1.0,,,,1.0,,,,,,,,,,
2023,2,منطقة الباحة,توصيل الكهرباء والغاز والبخار وتكييف الهواء,4.0,,,,4.0,,,,,,,,,,
2023,2,منطقة الباحة,صُنع الخشب ومنتجات الخشب والفلين ، باستثناء الأثاث ، صُنع أصناف من القش ومواد الضفر,88.0,11.0,1.0,,100.0,,,,,,,,,,
2023,2,منطقة الباحة,صُنع المشروبات,4.0,2.0,2.0,,8.0,,,,,,,,,,
2023,2,منطقة الباحة,صُنع الملبوسات,159.0,11.0,,,170.0,,,,,,,,,,
2023,2,منطقة الباحة,صُنع المنتجات الغذائية,96.0,18.0,1.0,,115.0,,,,,,,,,,
2023,2,منطقة الباحة,صُنع المنسوجات,17.0,5.0,,,22.0,,,,,,,,,,
2023,2,منطقة الباحة,صُنع المواد الكيميائية والمنتجات الكيميائية,2.0,5.0,1.0,,8.0,,,,,,,,,,
2023,2,منطقة الباحة,صناعة الآلات والمعدات غير المصنفة في موضع أخر,6.0,1.0,,,7.0,,,,,,,,,,
2023,2,منطقة الباحة,صناعة المركبات ذات المحركات والمركبات المقطورة ونصف المقطورة,2.0,,,,2.0,,,,,,,,,,
2023,2,منطقة الباحة,صناعة معدات النقل الأخرى,1.0,,,,1.0,,,,,,,,,,
2023,2,منطقة الباحة,صنع الأثاث,96.0,9.0,,,105.0,,,,,,,,,,
2023,2,منطقة الباحة,صنع الحواسيب والمنتجات الإلكترونية والبصرية,5.0,1.0,,,6.0,,,,,,,,,,
2023,2,منطقة الباحة,صنع الفلزات القاعدية,10.0,1.0,,,11.0,,,,,,,,,,
2023,2,منطقة الباحة,صنع المعدات الكهربائية,5.0,,,,5.0,,,,,,,,,,
2023,2,منطقة الباحة,صنع المنتجات الصيدلانية الأساسية والمستحضرات الصيدلانية,2.0,,,,2.0,,,,,,,,,,
2023,2,منطقة الباحة,صنع منتجات المطاط واللدائن,2.0,,,,2.0,,,,,,,,,,
2023,2,منطقة الباحة,صنع منتجات المعادن اللافلزية الأخرى,47.0,27.0,6.0,,80.0,,,,,,,,,,
2023,2,منطقة الباحة,صنع منتجات المعادن المشكلة ( باستثناء الآلات والمعدات ),317.0,19.0,,,336.0,,,,,,,,,,
2023,2,منطقة الباحة,صيد الأسماك وتربية المائيات,134.0,2.0,,,136.0,,,,,,,,,,
2023,2,منطقة الباحة,وكالات السفر ومشغّلو الجولات السياحية وخدمات الحجز والأنشطة المتصلة بها,8.0,,,,8.0,,,,,,,,,,
2023,2,منطقة الباحة,غير معرف,891.0,20.0,1.0,,912.0,,,,,,,,,,
2023,2,منطقة الجوف,أبحاث الإعلان والسوق,69.0,3.0,,,72.0,,,,,,,,,,
2023,2,منطقة الجوف,استخراج النفط الخام والغاز الطبيعي,7.0,,,,7.0,,,,,,,,,,
2023,2,منطقة الجوف,إصلاح أجهزة الحاسوب والسلع الشخصية والمنزلية,148.0,9.0,,,157.0,,,,,,,,,,
2023,2,منطقة الجوف,إصلاح وتركيب الآلات والمعدات,72.0,9.0,,,81.0,,,,,,,,,,
2023,2,منطقة الجوف,الاتصالات,16.0,,,,16.0,,,,,,,,,,
2023,2,منطقة الجوف,الإدارة العامة والدفاع ؛ والضمان الاجتماعي الإلزامي,7.0,,,,7.0,,,,,,,,,,
2023,2,منطقة الجوف,الإقامة,66.0,8.0,,,74.0,,,,,,,,,,
2023,2,منطقة الجوف,الأنشطة الأخرى للتعدين واستغلال المحاجر,11.0,2.0,,,13.0,,,,,,,,,,
2023,2,منطقة الجوف,الأنشطة الإدارية للمكاتب ، وأنشطة الدعم للمكاتب وغير ذلك من أنشطة الدعم للأعمال,95.0,6.0,,,101.0,,,,,,,,,,
2023,2,منطقة الجوف,الأنشطة الإيجارية,591.0,24.0,,,615.0,,,,,,,,,,
2023,2,منطقة الجوف,الأنشطة البيطرية,1.0,,,,1.0,,,,,,,,,,
2023,2,منطقة الجوف,الأنشطة الرياضية وأنشطة التسلية والترفيه,39.0,7.0,,,46.0,,,,,,,,,,
2023,2,منطقة الجوف,الأنشطة العقارية,52.0,6.0,,,58.0,,,,,,,,,,
2023,2,منطقة الجوف,الأنشطة القانونية وأنشطة المحاسبة,31.0,9.0,,,40.0,,,,,,,,,,
2023,2,منطقة الجوف,الأنشطة المساعدة لأنشطة الخدمات المالية وأنشطة التأمين,1.0,,,,1.0,,,,,,,,,,
2023,2,منطقة الجوف,الأنشطة المهنية والعلمية والتقنية الأخرى,16.0,1.0,,,17.0,,,,,,,,,,
2023,2,منطقة الجوف,التخزين وأنشطة الدعم للنقل,96.0,25.0,,,121.0,,,,,,,,,,
2023,2,منطقة الجوف,التعليم,59.0,34.0,8.0,,101.0,,,,,,,,,,
2023,2,منطقة الجوف,الحراجة وقطع الأخشاب,1.0,,,,1.0,,,,,,,,,,
2023,2,منطقة الجوف,الرعاية مع الإقامة,3.0,,,,3.0,,,,,,,,,,
2023,2,منطقة الجوف,الصحة البشرية,26.0,42.0,7.0,,75.0,,,,,,,,,,
2023,2,منطقة الجوف,الصرف الصحي,11.0,,,,11.0,,,,,,,,,,
2023,2,منطقة الجوف,الصناعة التحويلية الأخرى,7.0,2.0,,,9.0,,,,,,,,,,
2023,2,منطقة الجوف,الطباعة واستنساخ وسائط الأعلام المسجّلة,11.0,1.0,,,12.0,,,,,,,,,,
2023,2,منطقة الجوف,النقل البري و النقل عبر الأنابيب,574.0,85.0,6.0,,665.0,,,,,,,,,,
2023,2,منطقة الجوف,النقل الجوي,7.0,,,,7.0,,,,,,,,,,
2023,2,منطقة الجوف,الهندسة المدنية,45.0,16.0,4.0,1.0,66.0,,,,,,,,,,
2023,2,منطقة الجوف,أنشطة الاستخدام,27.0,3.0,1.0,,31.0,,,,,,,,,,
2023,2,منطقة الجوف,أنشطة الأمن والتحقيقات,6.0,2.0,,,8.0,,,,,,,,,,
2023,2,منطقة الجوف,أنشطة البرمجة الحاسوبية والخبرة الاستشارية وما يتصل بها من أنشطة,9.0,1.0,,,10.0,,,,,,,,,,
2023,2,منطقة الجوف,أنشطة البرمجة والإذاعة,1.0,,,,1.0,,,,,,,,,,
2023,2,منطقة الجوف,أنشطة البريد ونقل الرسائل والطرود بواسطة مندوبين,1.0,,,,1.0,,,,,,,,,,
2023,2,منطقة الجوف,أنشطة التشييد المتخصصة,727.0,55.0,4.0,,786.0,,,,,,,,,,
2023,2,منطقة الجوف,أنشطة الخدمات الشخصية الأخرى,835.0,40.0,,,875.0,,,,,,,,,,
2023,2,منطقة الجوف,أنشطة الخدمات المالية ، فيما عدا تمويل التأمين وصناديق المعاشات,9.0,,,,9.0,,,,,,,,,,
2023,2,منطقة الجوف,أنشطة العمل الاجتماعي، دون إقامة,21.0,26.0,,,47.0,,,,,,,,,,
2023,2,منطقة الجوف,أنشطة المعمارية والهندسية ، والاختبارات الفنية والتحليل,104.0,14.0,,,118.0,,,,,,,,,,
2023,2,منطقة الجوف,أنشطة المكاتب الرئيسية، والأنشطة الاستشارية في مجال الإدارة,1.0,,,,1.0,,,,,,,,,,
2023,2,منطقة الجوف,أنشطة المنظمات ذات العضوية,22.0,2.0,,,24.0,,,,,,,,,,
2023,2,منطقة الجوف,أنشطة النشر,3.0,,,,3.0,,,,,,,,,,
2023,2,منطقة الجوف,أنشطة تقديم الخدمات للمباني وتجميل المواقع,183.0,21.0,5.0,1.0,210.0,,,,,,,,,,
2023,2,منطقة الجوف,أنشطة جمع النفايات ومعالجتها وتصريفها ، واسترجاع المواد,2.0,1.0,,,3.0,,,,,,,,,,
2023,2,منطقة الجوف,أنشطة خدمات الأطعمة والمشروبات,1195.0,211.0,5.0,,1411.0,,,,,,,,,,
2023,2,منطقة الجوف,أنشطة خدمات المعلومات,5.0,1.0,,,6.0,,,,,,,,,,
2023,2,منطقة الجوف,أنشطة خدمات دعم التعدين,6.0,,,,6.0,,,,,,,,,,
2023,2,منطقة الجوف,أنشطة زراعة المحاصيل والإنتاج الحيواني والصيد والخدمات المتصلة,767.0,19.0,1.0,1.0,788.0,,,,,,,,,,
2023,2,منطقة الجوف,تجارة التجزئة، باستثناء المركبات ذات المحركات والدراجات النارية,2603.0,298.0,7.0,,2908.0,,,,,,,,,,
2023,2,منطقة الجوف,تجارة الجملة ، باستثناء المركبات ذات المحركات والدراجات النارية,648.0,118.0,2.0,,768.0,,,,,,,,,,
2023,2,منطقة الجوف,تجارة الجملة والتجزئة ، وإصلاح المركبات ذات المحركات والدراجات النارية,1026.0,118.0,,,1144.0,,,,,,,,,,
2023,2,منطقة الجوف,تجميع المياه ومعالجتها وتوصيلها,20.0,2.0,1.0,,23.0,,,,,,,,,,
2023,2,منطقة الجوف,تشييد المباني,1637.0,228.0,10.0,1.0,1876.0,,,,,,,,,,
2023,2,منطقة الجوف,تعدين ركازات الفلزات,1.0,,,,1.0,,,,,,,,,,
2023,2,منطقة الجوف,توصيل الكهرباء والغاز والبخار وتكييف الهواء,6.0,,,,6.0,,,,,,,,,,
2023,2,منطقة الجوف,صُنع الخشب ومنتجات الخشب والفلين ، باستثناء الأثاث ، صُنع أصناف من القش ومواد الضفر,91.0,12.0,,,103.0,,,,,,,,,,
2023,2,منطقة الجوف,صُنع المشروبات,5.0,3.0,1.0,,9.0,,,,,,,,,,
2023,2,منطقة الجوف,صُنع الملبوسات,301.0,11.0,,,312.0,,,,,,,,,,
2023,2,منطقة الجوف,صُنع المنتجات الجلدية والمنتجات ذات الصلة,2.0,,,,2.0,,,,,,,,,,
2023,2,منطقة الجوف,صُنع المنتجات الغذائية,177.0,37.0,2.0,,216.0,,,,,,,,,,
2023,2,منطقة الجوف,صُنع المنسوجات,62.0,4.0,,,66.0,,,,,,,,,,
2023,2,منطقة الجوف,صُنع المواد الكيميائية والمنتجات الكيميائية,7.0,3.0,,,10.0,,,,,,,,,,
2023,2,منطقة الجوف,صُنع الورق ومنتجات الورق,2.0,2.0,,,4.0,,,,,,,,,,
2023,2,منطقة الجوف,صناعة الآلات والمعدات غير المصنفة في موضع أخر,2.0,,1.0,,3.0,,,,,,,,,,
2023,2,منطقة الجوف,صناعة المركبات ذات المحركات والمركبات المقطورة ونصف المقطورة,9.0,1.0,,,10.0,,,,,,,,,,
2023,2,منطقة الجوف,صناعة معدات النقل الأخرى,1.0,,,,1.0,,,,,,,,,,
2023,2,منطقة الجوف,صنع الأثاث,122.0,8.0,,,130.0,,,,,,,,,,
2023,2,منطقة الجوف,صنع الحواسيب والمنتجات الإلكترونية والبصرية,5.0,,,,5.0,,,,,,,,,,
2023,2,منطقة الجوف,صنع الفلزات القاعدية,15.0,2.0,,,17.0,,,,,,,,,,
2023,2,منطقة الجوف,صنع المعدات الكهربائية,12.0,1.0,,,13.0,,,,,,,,,,
2023,2,منطقة الجوف,صنع المنتجات الصيدلانية الأساسية والمستحضرات الصيدلانية,7.0,,,,7.0,,,,,,,,,,
2023,2,منطقة الجوف,صنع منتجات المطاط واللدائن,13.0,2.0,1.0,1.0,17.0,,,,,,,,,,
2023,2,منطقة الجوف,صنع منتجات المعادن اللافلزية الأخرى,39.0,28.0,14.0,,81.0,,,,,,,,,,
2023,2,منطقة الجوف,صنع منتجات المعادن المشكلة ( باستثناء الآلات والمعدات ),310.0,23.0,,,333.0,,,,,,,,,,
2023,2,منطقة الجوف,صيد الأسماك وتربية المائيات,627.0,3.0,,,630.0,,,,,,,,,,
2023,2,منطقة الجوف,وكالات السفر ومشغّلو الجولات السياحية وخدمات الحجز والأنشطة المتصلة بها,18.0,3.0,,,21.0,,,,,,,,,,
2023,2,منطقة الجوف,غير معرف,1737.0,17.0,,,1754.0,,,,,,,,,,
2023,2,منطقة الحدود الشمالية,أبحاث الإعلان والسوق,31.0,2.0,,,33.0,,,,,,,,,,
2023,2,منطقة الحدود الشمالية,إصلاح أجهزة الحاسوب والسلع الشخصية والمنزلية,77.0,,,,77.0,,,,,,,,,,
2023,2,منطقة الحدود الشمالية,إصلاح وتركيب الآلات والمعدات,67.0,1.0,2.0,,70.0,,,,,,,,,,
2023,2,منطقة الحدود الشمالية,الاتصالات,12.0,1.0,,,13.0,,,,,,,,,,
2023,2,منطقة الحدود الشمالية,الإدارة العامة والدفاع ؛ والضمان الاجتماعي الإلزامي,3.0,,,,3.0,,,,,,,,,,
2023,2,منطقة الحدود الشمالية,الإقامة,35.0,12.0,1.0,,48.0,,,,,,,,,,
2023,2,منطقة الحدود الشمالية,الأنشطة الإبداعية والفنون وأنشطة الترفيه,1.0,,,,1.0,,,,,,,,,,
2023,2,منطقة الحدود الشمالية,الأنشطة الأخرى للتعدين واستغلال المحاجر,7.0,3.0,2.0,,12.0,,,,,,,,,,
2023,2,منطقة الحدود الشمالية,الأنشطة الإدارية للمكاتب ، وأنشطة الدعم للمكاتب وغير ذلك من أنشطة الدعم للأعمال,50.0,2.0,,,52.0,,,,,,,,,,
2023,2,منطقة الحدود الشمالية,الأنشطة الإيجارية,193.0,9.0,,,202.0,,,,,,,,,,
2023,2,منطقة الحدود الشمالية,الأنشطة البيطرية,5.0,,,,5.0,,,,,,,,,,
2023,2,منطقة الحدود الشمالية,الأنشطة الرياضية وأنشطة التسلية والترفيه,47.0,8.0,,,55.0,,,,,,,,,,
2023,2,منطقة الحدود الشمالية,الأنشطة العقارية,40.0,3.0,,,43.0,,,,,,,,,,
2023,2,منطقة الحدود الشمالية,الأنشطة القانونية وأنشطة المحاسبة,10.0,1.0,,,11.0,,,,,,,,,,
2023,2,منطقة الحدود الشمالية,الأنشطة المهنية والعلمية والتقنية الأخرى,12.0,,,,12.0,,,,,,,,,,
2023,2,منطقة الحدود الشمالية,الأنشطة غير المتميزة لإنتاج السلع والخدمات التي تقوم بها الأسر المعيشية الخاصة لإستعمالها الخاص,1.0,,,,1.0,,,,,,,,,,
2023,2,منطقة الحدود الشمالية,البحث والتطوير في المجال العلمي,1.0,,,,1.0,,,,,,,,,,
2023,2,منطقة الحدود الشمالية,التخزين وأنشطة الدعم للنقل,35.0,1.0,,,36.0,,,,,,,,,,
2023,2,منطقة الحدود الشمالية,التعليم,23.0,19.0,3.0,,45.0,,,,,,,,,,
2023,2,منطقة الحدود الشمالية,الحراجة وقطع الأخشاب,1.0,,,,1.0,,,,,,,,,,
2023,2,منطقة الحدود الشمالية,الصحة البشرية,17.0,33.0,5.0,,55.0,,,,,,,,,,
2023,2,منطقة الحدود الشمالية,الصرف الصحي,4.0,,1.0,,5.0,,,,,,,,,,
2023,2,منطقة الحدود الشمالية,الصناعة التحويلية الأخرى,4.0,,,,4.0,,,,,,,,,,
2023,2,منطقة الحدود الشمالية,الطباعة واستنساخ وسائط الأعلام المسجّلة,5.0,2.0,,,7.0,,,,,,,,,,
2023,2,منطقة الحدود الشمالية,النقل البري و النقل عبر الأنابيب,311.0,66.0,,,377.0,,,,,,,,,,
2023,2,منطقة الحدود الشمالية,النقل الجوي,,2.0,,,2.0,,,,,,,,,,
2023,2,منطقة الحدود الشمالية,النقل المائي,1.0,,,,1.0,,,,,,,,,,
2023,2,منطقة الحدود الشمالية,الهندسة المدنية,39.0,6.0,2.0,,47.0,,,,,,,,,,
2023,2,منطقة الحدود الشمالية,أنشطة الاستخدام,20.0,4.0,1.0,,25.0,,,,,,,,,,
2023,2,منطقة الحدود الشمالية,أنشطة الأمن والتحقيقات,1.0,2.0,,1.0,4.0,,,,,,,,,,
2023,2,منطقة الحدود الشمالية,أنشطة البرمجة الحاسوبية والخبرة الاستشارية وما يتصل بها من أنشطة,9.0,,,,9.0,,,,,,,,,,
2023,2,منطقة الحدود الشمالية,أنشطة البريد ونقل الرسائل والطرود بواسطة مندوبين,2.0,,,,2.0,,,,,,,,,,
2023,2,منطقة الحدود الشمالية,أنشطة التشييد المتخصصة,484.0,33.0,1.0,,518.0,,,,,,,,,,
2023,2,منطقة الحدود الشمالية,أنشطة الخدمات الشخصية الأخرى,633.0,20.0,,,653.0,,,,,,,,,,
2023,2,منطقة الحدود الشمالية,أنشطة الخدمات المالية ، فيما عدا تمويل التأمين وصناديق المعاشات,4.0,1.0,,,5.0,,,,,,,,,,
2023,2,منطقة الحدود الشمالية,أنشطة العمل الاجتماعي، دون إقامة,29.0,8.0,,,37.0,,,,,,,,,,
2023,2,منطقة الحدود الشمالية,أنشطة المعمارية والهندسية ، والاختبارات الفنية والتحليل,50.0,8.0,,,58.0,,,,,,,,,,
2023,2,منطقة الحدود الشمالية,أنشطة المكاتب الرئيسية، والأنشطة الاستشارية في مجال الإدارة,3.0,,,,3.0,,,,,,,,,,
2023,2,منطقة الحدود الشمالية,أنشطة المكتبات والمحفوظات والمتاحف والأنشطة الثقافية الأخرى,2.0,,,,2.0,,,,,,,,,,
2023,2,منطقة الحدود الشمالية,أنشطة المنظمات ذات العضوية,4.0,1.0,,,5.0,,,,,,,,,,
2023,2,منطقة الحدود الشمالية,أنشطة النشر,2.0,,,,2.0,,,,,,,,,,
2023,2,منطقة الحدود الشمالية,أنشطة تقديم الخدمات للمباني وتجميل المواقع,69.0,10.0,2.0,1.0,82.0,,,,,,,,,,
2023,2,منطقة الحدود الشمالية,أنشطة جمع النفايات ومعالجتها وتصريفها ، واسترجاع المواد,,2.0,,,2.0,,,,,,,,,,
2023,2,منطقة الحدود الشمالية,أنشطة خدمات الأطعمة والمشروبات,1126.0,152.0,4.0,,1282.0,,,,,,,,,,
2023,2,منطقة الحدود الشمالية,أنشطة خدمات المعلومات,1.0,,,,1.0,,,,,,,,,,
2023,2,منطقة الحدود الشمالية,أنشطة خدمات دعم التعدين,,1.0,,,1.0,,,,,,,,,,
2023,2,منطقة الحدود الشمالية,أنشطة زراعة المحاصيل والإنتاج الحيواني والصيد والخدمات المتصلة,86.0,3.0,,,89.0,,,,,,,,,,
2023,2,منطقة الحدود الشمالية,تجارة التجزئة، باستثناء المركبات ذات المحركات والدراجات النارية,1953.0,161.0,5.0,,2119.0,,,,,,,,,,
2023,2,منطقة الحدود الشمالية,تجارة الجملة ، باستثناء المركبات ذات المحركات والدراجات النارية,404.0,46.0,2.0,,452.0,,,,,,,,,,
2023,2,منطقة الحدود الشمالية,تجارة الجملة والتجزئة ، وإصلاح المركبات ذات المحركات والدراجات النارية,730.0,70.0,,,800.0,,,,,,,,,,
2023,2,منطقة الحدود الشمالية,تجميع المياه ومعالجتها وتوصيلها,17.0,4.0,,,21.0,,,,,,,,,,
2023,2,منطقة الحدود الشمالية,تشييد المباني,1600.0,157.0,10.0,3.0,1770.0,,,,,,,,,,
2023,2,منطقة الحدود الشمالية,تعدين ركازات الفلزات,3.0,,,,3.0,,,,,,,,,,
2023,2,منطقة الحدود الشمالية,توصيل الكهرباء والغاز والبخار وتكييف الهواء,3.0,,,,3.0,,,,,,,,,,
2023,2,منطقة الحدود الشمالية,صُنع الخشب ومنتجات الخشب والفلين ، باستثناء الأثاث ، صُنع أصناف من القش ومواد الضفر,51.0,2.0,,,53.0,,,,,,,,,,
2023,2,منطقة الحدود الشمالية,صُنع المشروبات,1.0,2.0,,,3.0,,,,,,,,,,
2023,2,منطقة الحدود الشمالية,صُنع الملبوسات,282.0,5.0,,,287.0,,,,,,,,,,
2023,2,منطقة الحدود الشمالية,صُنع المنتجات الجلدية والمنتجات ذات الصلة,6.0,1.0,,,7.0,,,,,,,,,,
2023,2,منطقة الحدود الشمالية,صُنع المنتجات الغذائية,118.0,18.0,1.0,,137.0,,,,,,,,,,
2023,2,منطقة الحدود الشمالية,صُنع المنسوجات,27.0,3.0,,,30.0,,,,,,,,,,
2023,2,منطقة الحدود الشمالية,صُنع المواد الكيميائية والمنتجات الكيميائية,6.0,2.0,,1.0,9.0,,,,,,,,,,
2023,2,منطقة الحدود الشمالية,صُنع الورق ومنتجات الورق,1.0,2.0,,,3.0,,,,,,,,,,
2023,2,منطقة الحدود الشمالية,صناعة الآلات والمعدات غير المصنفة في موضع أخر,3.0,,,,3.0,,,,,,,,,,
2023,2,منطقة الحدود الشمالية,صناعة المركبات ذات المحركات والمركبات المقطورة ونصف المقطورة,1.0,,,,1.0,,,,,,,,,,
2023,2,منطقة الحدود الشمالية,صناعة معدات النقل الأخرى,1.0,,,,1.0,,,,,,,,,,
2023,2,منطقة الحدود الشمالية,صنع الأثاث,92.0,4.0,,,96.0,,,,,,,,,,
2023,2,منطقة الحدود الشمالية,صنع الحواسيب والمنتجات الإلكترونية والبصرية,4.0,,,,4.0,,,,,,,,,,
2023,2,منطقة الحدود الشمالية,صنع الفلزات القاعدية,8.0,,,,8.0,,,,,,,,,,
2023,2,منطقة الحدود الشمالية,صنع المعدات الكهربائية,15.0,,,,15.0,,,,,,,,,,
2023,2,منطقة الحدود الشمالية,صنع المنتجات الصيدلانية الأساسية والمستحضرات الصيدلانية,3.0,,,,3.0,,,,,,,,,,
2023,2,منطقة الحدود الشمالية,صنع منتجات المطاط واللدائن,3.0,2.0,,,5.0,,,,,,,,,,
2023,2,منطقة الحدود الشمالية,صنع منتجات المعادن اللافلزية الأخرى,36.0,19.0,4.0,1.0,60.0,,,,,,,,,,
2023,2,منطقة الحدود الشمالية,صنع منتجات المعادن المشكلة ( باستثناء الآلات والمعدات ),123.0,18.0,,,141.0,,,,,,,,,,
2023,2,منطقة الحدود الشمالية,صيد الأسماك وتربية المائيات,227.0,2.0,,,229.0,,,,,,,,,,
2023,2,منطقة الحدود الشمالية,وكالات السفر ومشغّلو الجولات السياحية وخدمات الحجز والأنشطة المتصلة بها,11.0,2.0,1.0,,14.0,,,,,,,,,,
2023,2,منطقة الحدود الشمالية,غير معرف,806.0,17.0,,,823.0,,,,,,,,,,
2023,2,منطقة الرياض,أبحاث الإعلان والسوق,2102.0,611.0,37.0,5.0,2755.0,,,,,,,,,,
2023,2,منطقة الرياض,استخراج النفط الخام والغاز الطبيعي,17.0,7.0,2.0,,26.0,,,,,,,,,,
2023,2,منطقة الرياض,إصلاح أجهزة الحاسوب والسلع الشخصية والمنزلية,1858.0,342.0,119.0,19.0,2338.0,,,,,,,,,,
2023,2,منطقة الرياض,إصلاح وتركيب الآلات والمعدات,1288.0,311.0,92.0,22.0,1713.0,,,,,,,,,,
2023,2,منطقة الرياض,الاتصالات,355.0,120.0,25.0,15.0,515.0,,,,,,,,,,
2023,2,منطقة الرياض,الإدارة العامة والدفاع ؛ والضمان الاجتماعي الإلزامي,189.0,37.0,3.0,2.0,231.0,,,,,,,,,,
2023,2,منطقة الرياض,الإقامة,772.0,418.0,81.0,6.0,1277.0,,,,,,,,,,
2023,2,منطقة الرياض,الأنشطة الإبداعية والفنون وأنشطة الترفيه,101.0,13.0,2.0,1.0,117.0,,,,,,,,,,
2023,2,منطقة الرياض,الأنشطة الأخرى للتعدين واستغلال المحاجر,305.0,147.0,30.0,5.0,487.0,,,,,,,,,,
2023,2,منطقة الرياض,الأنشطة الإدارية للمكاتب ، وأنشطة الدعم للمكاتب وغير ذلك من أنشطة الدعم للأعمال,2337.0,534.0,43.0,12.0,2926.0,,,,,,,,,,
2023,2,منطقة الرياض,الأنشطة الإيجارية,48024.0,868.0,40.0,5.0,48937.0,,,,,,,,,,
2023,2,منطقة الرياض,الأنشطة البيطرية,85.0,35.0,3.0,,123.0,,,,,,,,,,
2023,2,منطقة الرياض,الأنشطة الرياضية وأنشطة التسلية والترفيه,785.0,283.0,27.0,5.0,1100.0,,,,,,,,,,
2023,2,منطقة الرياض,الأنشطة العقارية,2350.0,740.0,63.0,10.0,3163.0,,,,,,,,,,
2023,2,منطقة الرياض,الأنشطة القانونية وأنشطة المحاسبة,1613.0,515.0,26.0,3.0,2157.0,,,,,,,,,,
2023,2,منطقة الرياض,الأنشطة المساعدة لأنشطة الخدمات المالية وأنشطة التأمين,167.0,167.0,42.0,11.0,387.0,,,,,,,,,,
2023,2,منطقة الرياض,الأنشطة المهنية والعلمية والتقنية الأخرى,602.0,145.0,6.0,2.0,755.0,,,,,,,,,,
2023,2,منطقة الرياض,البحث والتطوير في المجال العلمي,75.0,37.0,4.0,,116.0,,,,,,,,,,
2023,2,منطقة الرياض,التخزين وأنشطة الدعم للنقل,2099.0,576.0,127.0,29.0,2831.0,,,,,,,,,,
2023,2,منطقة الرياض,التعليم,5974.0,608.0,205.0,42.0,6829.0,,,,,,,,,,
2023,2,منطقة الرياض,الحراجة وقطع الأخشاب,10.0,2.0,1.0,,13.0,,,,,,,,,,
2023,2,منطقة الرياض,الرعاية مع الإقامة,22.0,19.0,4.0,,45.0,,,,,,,,,,
2023,2,منطقة الرياض,الصحة البشرية,672.0,971.0,281.0,73.0,1997.0,,,,,,,,,,
2023,2,منطقة الرياض,الصرف الصحي,119.0,34.0,6.0,2.0,161.0,,,,,,,,,,
2023,2,منطقة الرياض,الصناعة التحويلية الأخرى,203.0,173.0,61.0,6.0,443.0,,,,,,,,,,
2023,2,منطقة الرياض,الطباعة واستنساخ وسائط الأعلام المسجّلة,265.0,150.0,14.0,,429.0,,,,,,,,,,
2023,2,منطقة الرياض,النقل البري و النقل عبر الأنابيب,14507.0,1266.0,248.0,62.0,16083.0,,,,,,,,,,
2023,2,منطقة الرياض,النقل الجوي,216.0,23.0,6.0,2.0,247.0,,,,,,,,,,
2023,2,منطقة الرياض,النقل المائي,119.0,16.0,2.0,,137.0,,,,,,,,,,
2023,2,منطقة الرياض,الهندسة المدنية,1310.0,661.0,241.0,120.0,2332.0,,,,,,,,,,
2023,2,منطقة الرياض,أنشطة الاستخدام,773.0,171.0,35.0,52.0,1031.0,,,,,,,,,,
2023,2,منطقة الرياض,أنشطة الاسر المعيشية التي تستخدم أفراداً للعمل المنزلي,7.0,,,,7.0,,,,,,,,,,
2023,2,منطقة الرياض,أنشطة الأمن والتحقيقات,114.0,44.0,23.0,20.0,201.0,,,,,,,,,,
2023,2,منطقة الرياض,أنشطة البرمجة الحاسوبية والخبرة الاستشارية وما يتصل بها من أنشطة,1522.0,641.0,97.0,27.0,2287.0,,,,,,,,,,
2023,2,منطقة الرياض,أنشطة البرمجة والإذاعة,62.0,11.0,3.0,,76.0,,,,,,,,,,
2023,2,منطقة الرياض,أنشطة البريد ونقل الرسائل والطرود بواسطة مندوبين,265.0,96.0,20.0,5.0,386.0,,,,,,,,,,
2023,2,منطقة الرياض,أنشطة التشييد المتخصصة,12469.0,3107.0,511.0,151.0,16238.0,,,,,,,,,,
2023,2,منطقة الرياض,أنشطة الخدمات الشخصية الأخرى,10597.0,1476.0,35.0,3.0,12111.0,,,,,,,,,,
2023,2,منطقة الرياض,أنشطة الخدمات المالية ، فيما عدا تمويل التأمين وصناديق المعاشات,474.0,207.0,40.0,13.0,734.0,,,,,,,,,,
2023,2,منطقة الرياض,أنشطة العمل الاجتماعي، دون إقامة,449.0,314.0,27.0,6.0,796.0,,,,,,,,,,
2023,2,منطقة الرياض,أنشطة المعالجة وخدمات إدارة النفايات الأخرى,5.0,2.0,,1.0,8.0,,,,,,,,,,
2023,2,منطقة الرياض,أنشطة المعمارية والهندسية ، والاختبارات الفنية والتحليل,3429.0,497.0,116.0,26.0,4068.0,,,,,,,,,,
2023,2,منطقة الرياض,أنشطة المكاتب الرئيسية، والأنشطة الاستشارية في مجال الإدارة,750.0,265.0,38.0,12.0,1065.0,,,,,,,,,,
2023,2,منطقة الرياض,أنشطة المكتبات والمحفوظات والمتاحف والأنشطة الثقافية الأخرى,21.0,,,,21.0,,,,,,,,,,
2023,2,منطقة الرياض,أنشطة المنظمات ذات العضوية,2145.0,66.0,1.0,,2212.0,,,,,,,,,,
2023,2,منطقة الرياض,أنشطة النشر,212.0,87.0,12.0,3.0,314.0,,,,,,,,,,
2023,2,منطقة الرياض,أنشطة تقديم الخدمات للمباني وتجميل المواقع,3514.0,1312.0,467.0,182.0,5475.0,,,,,,,,,,
2023,2,منطقة الرياض,أنشطة جمع النفايات ومعالجتها وتصريفها ، واسترجاع المواد,147.0,56.0,17.0,14.0,234.0,,,,,,,,,,
2023,2,منطقة الرياض,أنشطة خدمات الأطعمة والمشروبات,13689.0,4721.0,490.0,67.0,18967.0,,,,,,,,,,
2023,2,منطقة الرياض,أنشطة خدمات المعلومات,256.0,143.0,41.0,8.0,448.0,,,,,,,,,,
2023,2,منطقة الرياض,أنشطة خدمات دعم التعدين,46.0,12.0,3.0,1.0,62.0,,,,,,,,,,
2023,2,منطقة الرياض,أنشطة زراعة المحاصيل والإنتاج الحيواني والصيد والخدمات المتصلة,7118.0,472.0,98.0,25.0,7713.0,,,,,,,,,,
2023,2,منطقة الرياض,تجارة التجزئة، باستثناء المركبات ذات المحركات والدراجات النارية,33708.0,6942.0,568.0,95.0,41313.0,,,,,,,,,,
2023,2,منطقة الرياض,تجارة الجملة ، باستثناء المركبات ذات المحركات والدراجات النارية,16923.0,5278.0,445.0,52.0,22698.0,,,,,,,,,,
2023,2,منطقة الرياض,تجارة الجملة والتجزئة ، وإصلاح المركبات ذات المحركات والدراجات النارية,14263.0,2811.0,125.0,10.0,17209.0,,,,,,,,,,
2023,2,منطقة الرياض,تجميع المياه ومعالجتها وتوصيلها,225.0,67.0,14.0,2.0,308.0,,,,,,,,,,
2023,2,منطقة الرياض,تشييد المباني,24664.0,6908.0,1221.0,375.0,33168.0,,,,,,,,,,
2023,2,منطقة الرياض,تعدين الفحم والليغنيت,17.0,3.0,2.0,,22.0,,,,,,,,,,
2023,2,منطقة الرياض,تعدين ركازات الفلزات,35.0,15.0,3.0,,53.0,,,,,,,,,,
2023,2,منطقة الرياض,تمويل التأمين وإعادة التأمين وصناديق المعاشات التقاعدية باستثناء الضمان الاجتماعي الإلزامي,27.0,5.0,9.0,7.0,48.0,,,,,,,,,,
2023,2,منطقة الرياض,توصيل الكهرباء والغاز والبخار وتكييف الهواء,124.0,72.0,5.0,2.0,203.0,,,,,,,,,,
2023,2,منطقة الرياض,صُنع الخشب ومنتجات الخشب والفلين ، باستثناء الأثاث ، صُنع أصناف من القش ومواد الضفر,989.0,321.0,34.0,2.0,1346.0,,,,,,,,,,
2023,2,منطقة الرياض,صُنع المشروبات,80.0,38.0,33.0,14.0,165.0,,,,,,,,,,
2023,2,منطقة الرياض,صُنع الملبوسات,3885.0,433.0,36.0,6.0,4360.0,,,,,,,,,,
2023,2,منطقة الرياض,صُنع المنتجات الجلدية والمنتجات ذات الصلة,77.0,34.0,5.0,2.0,118.0,,,,,,,,,,
2023,2,منطقة الرياض,صُنع المنتجات الغذائية,1964.0,630.0,185.0,50.0,2829.0,,,,,,,,,,
2023,2,منطقة الرياض,صُنع المنسوجات,640.0,121.0,15.0,6.0,782.0,,,,,,,,,,
2023,2,منطقة الرياض,صُنع المواد الكيميائية والمنتجات الكيميائية,492.0,418.0,111.0,19.0,1040.0,,,,,,,,,,
2023,2,منطقة الرياض,صُنع الورق ومنتجات الورق,127.0,122.0,47.0,2.0,298.0,,,,,,,,,,
2023,2,منطقة الرياض,صناعة الآلات والمعدات غير المصنفة في موضع أخر,269.0,92.0,29.0,3.0,393.0,,,,,,,,,,
2023,2,منطقة الرياض,صناعة المركبات ذات المحركات والمركبات المقطورة ونصف المقطورة,70.0,35.0,14.0,2.0,121.0,,,,,,,,,,
2023,2,منطقة الرياض,صناعة معدات النقل الأخرى,71.0,14.0,7.0,1.0,93.0,,,,,,,,,,
2023,2,منطقة الرياض,صنع الأثاث,1454.0,402.0,88.0,13.0,1957.0,,,,,,,,,,
2023,2,منطقة الرياض,صنع الحواسيب والمنتجات الإلكترونية والبصرية,79.0,27.0,2.0,1.0,109.0,,,,,,,,,,
2023,2,منطقة الرياض,صنع الفلزات القاعدية,337.0,178.0,60.0,12.0,587.0,,,,,,,,,,
2023,2,منطقة الرياض,صنع المعدات الكهربائية,171.0,93.0,50.0,12.0,326.0,,,,,,,,,,
2023,2,منطقة الرياض,صنع المنتجات الصيدلانية الأساسية والمستحضرات الصيدلانية,320.0,34.0,11.0,5.0,370.0,,,,,,,,,,
2023,2,منطقة الرياض,صنع فحم الكوك والمنتجات النفطية المكررة,37.0,34.0,7.0,,78.0,,,,,,,,,,
2023,2,منطقة الرياض,صنع منتجات المطاط واللدائن,285.0,155.0,101.0,11.0,552.0,,,,,,,,,,
2023,2,منطقة الرياض,صنع منتجات المعادن اللافلزية الأخرى,1853.0,1350.0,315.0,42.0,3560.0,,,,,,,,,,
2023,2,منطقة الرياض,صنع منتجات المعادن المشكلة ( باستثناء الآلات والمعدات ),2726.0,960.0,178.0,14.0,3878.0,,,,,,,,,,
2023,2,منطقة الرياض,صيد الأسماك وتربية المائيات,110649.0,753.0,3.0,,111405.0,,,,,,,,,,
2023,2,منطقة الرياض,وكالات السفر ومشغّلو الجولات السياحية وخدمات الحجز والأنشطة المتصلة بها,447.0,154.0,19.0,2.0,622.0,,,,,,,,,,
2023,2,منطقة الرياض,غير معرف,93889.0,1291.0,38.0,6.0,95224.0,,,,,,,,,,
2023,2,منطقة القصيم,غير معرف,155.0,38.0,,,193.0,,,,,,,,,,
2023,2,منطقة القصيم,غير معرف,1.0,,,,1.0,,,,,,,,,,
2023,2,منطقة القصيم,غير معرف,654.0,148.0,23.0,2.0,827.0,,,,,,,,,,
2023,2,منطقة القصيم,إصلاح وتركيب الآلات والمعدات,255.0,40.0,5.0,,300.0,,,,,,,,,,
2023,2,منطقة القصيم,الاتصالات,57.0,4.0,,,61.0,,,,,,,,,,
2023,2,منطقة القصيم,الإدارة العامة والدفاع ؛ والضمان الاجتماعي الإلزامي,21.0,3.0,,,24.0,,,,,,,,,,
2023,2,منطقة القصيم,الإقامة,103.0,54.0,3.0,1.0,161.0,,,,,,,,,,
2023,2,منطقة القصيم,الأنشطة الإبداعية والفنون وأنشطة الترفيه,5.0,,,,5.0,,,,,,,,,,
2023,2,منطقة القصيم,الأنشطة الأخرى للتعدين واستغلال المحاجر,27.0,9.0,2.0,,38.0,,,,,,,,,,
2023,2,منطقة القصيم,الأنشطة الإدارية للمكاتب ، وأنشطة الدعم للمكاتب وغير ذلك من أنشطة الدعم للأعمال,244.0,17.0,,,261.0,,,,,,,,,,
2023,2,منطقة القصيم,الأنشطة الإيجارية,1112.0,55.0,3.0,1.0,1171.0,,,,,,,,,,
2023,2,منطقة القصيم,الأنشطة البيطرية,19.0,4.0,1.0,,24.0,,,,,,,,,,
2023,2,منطقة القصيم,الأنشطة الرياضية وأنشطة التسلية والترفيه,78.0,49.0,1.0,,128.0,,,,,,,,,,
2023,2,منطقة القصيم,الأنشطة العقارية,206.0,28.0,6.0,1.0,241.0,,,,,,,,,,
2023,2,منطقة القصيم,الأنشطة القانونية وأنشطة المحاسبة,92.0,18.0,,,110.0,,,,,,,,,,
2023,2,منطقة القصيم,الأنشطة المساعدة لأنشطة الخدمات المالية وأنشطة التأمين,5.0,1.0,,,6.0,,,,,,,,,,
2023,2,منطقة القصيم,الأنشطة المهنية والعلمية والتقنية الأخرى,39.0,9.0,,,48.0,,,,,,,,,,
2023,2,منطقة القصيم,الأنشطة غير المتميزة لإنتاج السلع والخدمات التي تقوم بها الأسر المعيشية الخاصة لإستعمالها الخاص,1.0,,,,1.0,,,,,,,,,,
2023,2,منطقة القصيم,البحث والتطوير في المجال العلمي,2.0,,,,2.0,,,,,,,,,,
2023,2,منطقة القصيم,التخزين وأنشطة الدعم للنقل,163.0,36.0,6.0,1.0,206.0,,,,,,,,,,
2023,2,منطقة القصيم,التعليم,151.0,61.0,15.0,2.0,229.0,,,,,,,,,,
2023,2,منطقة القصيم,الحراجة وقطع الأخشاب,1.0,1.0,,,2.0,,,,,,,,,,
2023,2,منطقة القصيم,الرعاية مع الإقامة,1.0,2.0,3.0,,6.0,,,,,,,,,,
2023,2,منطقة القصيم,الصحة البشرية,66.0,121.0,30.0,6.0,223.0,,,,,,,,,,
2023,2,منطقة القصيم,الصرف الصحي,25.0,8.0,1.0,,34.0,,,,,,,,,,
2023,2,منطقة القصيم,الصناعة التحويلية الأخرى,22.0,5.0,4.0,,31.0,,,,,,,,,,
2023,2,منطقة القصيم,الطباعة واستنساخ وسائط الأعلام المسجّلة,30.0,9.0,1.0,,40.0,,,,,,,,,,
2023,2,منطقة القصيم,النقل البري و النقل عبر الأنابيب,1190.0,268.0,30.0,7.0,1495.0,,,,,,,,,,
2023,2,منطقة القصيم,النقل الجوي,10.0,1.0,,,11.0,,,,,,,,,,
2023,2,منطقة القصيم,النقل المائي,5.0,1.0,,,6.0,,,,,,,,,,
2023,2,منطقة القصيم,الهندسة المدنية,165.0,65.0,23.0,9.0,262.0,,,,,,,,,,
2023,2,منطقة القصيم,أنشطة الاستخدام,80.0,20.0,2.0,,102.0,,,,,,,,,,
2023,2,منطقة القصيم,أنشطة الاسر المعيشية التي تستخدم أفراداً للعمل المنزلي,5.0,1.0,,,6.0,,,,,,,,,,
2023,2,منطقة القصيم,أنشطة الأمن والتحقيقات,12.0,3.0,1.0,,16.0,,,,,,,,,,
2023,2,منطقة القصيم,أنشطة البرمجة الحاسوبية والخبرة الاستشارية وما يتصل بها من أنشطة,67.0,11.0,1.0,,79.0,,,,,,,,,,
2023,2,منطقة القصيم,أنشطة البرمجة والإذاعة,2.0,,,,2.0,,,,,,,,,,
2023,2,منطقة القصيم,أنشطة البريد ونقل الرسائل والطرود بواسطة مندوبين,11.0,1.0,,,12.0,,,,,,,,,,
2023,2,منطقة القصيم,أنشطة التشييد المتخصصة,2873.0,352.0,50.0,9.0,3284.0,,,,,,,,,,
2023,2,منطقة القصيم,أنشطة الخدمات الشخصية الأخرى,2271.0,135.0,4.0,,2410.0,,,,,,,,,,
2023,2,منطقة القصيم,أنشطة الخدمات المالية ، فيما عدا تمويل التأمين وصناديق المعاشات,28.0,6.0,,,34.0,,,,,,,,,,
2023,2,منطقة القصيم,أنشطة العمل الاجتماعي، دون إقامة,105.0,76.0,5.0,,186.0,,,,,,,,,,
2023,2,منطقة القصيم,أنشطة المعمارية والهندسية ، والاختبارات الفنية والتحليل,173.0,40.0,5.0,,218.0,,,,,,,,,,
2023,2,منطقة القصيم,أنشطة المكاتب الرئيسية، والأنشطة الاستشارية في مجال الإدارة,19.0,1.0,1.0,,21.0,,,,,,,,,,
2023,2,منطقة القصيم,أنشطة المكتبات والمحفوظات والمتاحف والأنشطة الثقافية الأخرى,2.0,2.0,,,4.0,,,,,,,,,,
2023,2,منطقة القصيم,أنشطة المنظمات ذات العضوية,78.0,11.0,,,89.0,,,,,,,,,,
2023,2,منطقة القصيم,أنشطة النشر,10.0,1.0,,,11.0,,,,,,,,,,
2023,2,منطقة القصيم,أنشطة تقديم الخدمات للمباني وتجميل المواقع,1035.0,189.0,134.0,36.0,1394.0,,,,,,,,,,
2023,2,منطقة القصيم,أنشطة جمع النفايات ومعالجتها وتصريفها ، واسترجاع المواد,16.0,10.0,2.0,,28.0,,,,,,,,,,
2023,2,منطقة القصيم,أنشطة خدمات الأطعمة والمشروبات,4325.0,840.0,32.0,1.0,5198.0,,,,,,,,,,
2023,2,منطقة القصيم,أنشطة خدمات المعلومات,7.0,2.0,,,9.0,,,,,,,,,,
2023,2,منطقة القصيم,أنشطة خدمات دعم التعدين,4.0,,,,4.0,,,,,,,,,,
2023,2,منطقة القصيم,أنشطة زراعة المحاصيل والإنتاج الحيواني والصيد والخدمات المتصلة,1218.0,91.0,18.0,3.0,1330.0,,,,,,,,,,
2023,2,منطقة القصيم,تجارة التجزئة، باستثناء المركبات ذات المحركات والدراجات النارية,6828.0,1046.0,57.0,3.0,7934.0,,,,,,,,,,
2023,2,منطقة القصيم,تجارة الجملة ، باستثناء المركبات ذات المحركات والدراجات النارية,2201.0,441.0,21.0,1.0,2664.0,,,,,,,,,,
2023,2,منطقة القصيم,تجارة الجملة والتجزئة ، وإصلاح المركبات ذات المحركات والدراجات النارية,3667.0,506.0,6.0,1.0,4180.0,,,,,,,,,,
2023,2,منطقة القصيم,تجميع المياه ومعالجتها وتوصيلها,65.0,11.0,3.0,,79.0,,,,,,,,,,
2023,2,منطقة القصيم,تشييد المباني,9475.0,1255.0,156.0,30.0,10916.0,,,,,,,,,,
2023,2,منطقة القصيم,تعدين الفحم والليغنيت,4.0,1.0,,,5.0,,,,,,,,,,
2023,2,منطقة القصيم,تعدين ركازات الفلزات,12.0,1.0,1.0,,14.0,,,,,,,,,,
2023,2,منطقة القصيم,توصيل الكهرباء والغاز والبخار وتكييف الهواء,14.0,2.0,1.0,,17.0,,,,,,,,,,
2023,2,منطقة القصيم,صُنع الخشب ومنتجات الخشب والفلين ، باستثناء الأثاث ، صُنع أصناف من القش ومواد الضفر,259.0,27.0,2.0,1.0,289.0,,,,,,,,,,
2023,2,منطقة القصيم,صُنع المشروبات,13.0,9.0,5.0,2.0,29.0,,,,,,,,,,
2023,2,منطقة القصيم,صُنع الملبوسات,836.0,34.0,4.0,,874.0,,,,,,,,,,
2023,2,منطقة القصيم,صُنع المنتجات الجلدية والمنتجات ذات الصلة,7.0,1.0,,,8.0,,,,,,,,,,
2023,2,منطقة القصيم,صُنع المنتجات الغذائية,424.0,121.0,59.0,9.0,613.0,,,,,,,,,,
2023,2,منطقة القصيم,صُنع المنسوجات,94.0,13.0,2.0,,109.0,,,,,,,,,,
2023,2,منطقة القصيم,صُنع المواد الكيميائية والمنتجات الكيميائية,26.0,20.0,8.0,2.0,56.0,,,,,,,,,,
2023,2,منطقة القصيم,صُنع الورق ومنتجات الورق,19.0,14.0,3.0,,36.0,,,,,,,,,,
2023,2,منطقة القصيم,صناعة الآلات والمعدات غير المصنفة في موضع أخر,31.0,3.0,3.0,,37.0,,,,,,,,,,
2023,2,منطقة القصيم,صناعة المركبات ذات المحركات والمركبات المقطورة ونصف المقطورة,11.0,9.0,,1.0,21.0,,,,,,,,,,
2023,2,منطقة القصيم,صناعة معدات النقل الأخرى,1.0,,,,1.0,,,,,,,,,,
2023,2,منطقة القصيم,صنع الأثاث,212.0,60.0,9.0,1.0,282.0,,,,,,,,,,
2023,2,منطقة القصيم,صنع الحواسيب والمنتجات الإلكترونية والبصرية,7.0,,,,7.0,,,,,,,,,,
2023,2,منطقة القصيم,صنع الفلزات القاعدية,62.0,14.0,5.0,,81.0,,,,,,,,,,
2023,2,منطقة القصيم,صنع المعدات الكهربائية,27.0,13.0,2.0,,42.0,,,,,,,,,,
2023,2,منطقة القصيم,صنع المنتجات الصيدلانية الأساسية والمستحضرات الصيدلانية,13.0,1.0,1.0,1.0,16.0,,,,,,,,,,
2023,2,منطقة القصيم,صنع فحم الكوك والمنتجات النفطية المكررة,3.0,4.0,,,7.0,,,,,,,,,,
2023,2,منطقة القصيم,صنع منتجات المطاط واللدائن,28.0,5.0,8.0,,41.0,,,,,,,,,,
2023,2,منطقة القصيم,صنع منتجات المعادن اللافلزية الأخرى,276.0,165.0,41.0,7.0,489.0,,,,,,,,,,
2023,2,منطقة القصيم,صنع منتجات المعادن المشكلة ( باستثناء الآلات والمعدات ),1248.0,158.0,9.0,1.0,1416.0,,,,,,,,,,
2023,2,منطقة القصيم,صيد الأسماك وتربية المائيات,2755.0,15.0,,,2770.0,,,,,,,,,,
2023,2,منطقة القصيم,وكالات السفر ومشغّلو الجولات السياحية وخدمات الحجز والأنشطة المتصلة بها,83.0,12.0,,,95.0,,,,,,,,,,
2023,2,منطقة القصيم,غير معرف,3805.0,91.0,12.0,,3908.0,,,,,,,,,,
2023,2,منطقة المدينة المنورة,أبحاث الإعلان والسوق,242.0,25.0,,,267.0,,,,,,,,,,
2023,2,منطقة المدينة المنورة,استخراج النفط الخام والغاز الطبيعي,,,1.0,,1.0,,,,,,,,,,
2023,2,منطقة المدينة المنورة,إصلاح أجهزة الحاسوب والسلع الشخصية والمنزلية,350.0,16.0,,,366.0,,,,,,,,,,
2023,2,منطقة المدينة المنورة,إصلاح وتركيب الآلات والمعدات,308.0,33.0,2.0,,343.0,,,,,,,,,,
2023,2,منطقة المدينة المنورة,الاتصالات,32.0,3.0,,,35.0,,,,,,,,,,
2023,2,منطقة المدينة المنورة,الإدارة العامة والدفاع ؛ والضمان الاجتماعي الإلزامي,29.0,3.0,,,32.0,,,,,,,,,,
2023,2,منطقة المدينة المنورة,الإقامة,419.0,207.0,37.0,5.0,668.0,,,,,,,,,,
2023,2,منطقة المدينة المنورة,الأنشطة الإبداعية والفنون وأنشطة الترفيه,12.0,1.0,,,13.0,,,,,,,,,,
2023,2,منطقة المدينة المنورة,الأنشطة الأخرى للتعدين واستغلال المحاجر,55.0,29.0,1.0,3.0,88.0,,,,,,,,,,
2023,2,منطقة المدينة المنورة,الأنشطة الإدارية للمكاتب ، وأنشطة الدعم للمكاتب وغير ذلك من أنشطة الدعم للأعمال,338.0,32.0,1.0,,371.0,,,,,,,,,,
2023,2,منطقة المدينة المنورة,الأنشطة الإيجارية,962.0,72.0,4.0,,1038.0,,,,,,,,,,
2023,2,منطقة المدينة المنورة,الأنشطة البيطرية,17.0,4.0,,,21.0,,,,,,,,,,
2023,2,منطقة المدينة المنورة,الأنشطة الرياضية وأنشطة التسلية والترفيه,110.0,37.0,1.0,,148.0,,,,,,,,,,
2023,2,منطقة المدينة المنورة,الأنشطة العقارية,303.0,46.0,3.0,,352.0,,,,,,,,,,
2023,2,منطقة المدينة المنورة,الأنشطة القانونية وأنشطة المحاسبة,91.0,31.0,,,122.0,,,,,,,,,,
2023,2,منطقة المدينة المنورة,الأنشطة المساعدة لأنشطة الخدمات المالية وأنشطة التأمين,10.0,6.0,,,16.0,,,,,,,,,,
2023,2,منطقة المدينة المنورة,الأنشطة المهنية والعلمية والتقنية الأخرى,112.0,10.0,,,122.0,,,,,,,,,,
2023,2,منطقة المدينة المنورة,البحث والتطوير في المجال العلمي,8.0,1.0,,,9.0,,,,,,,,,,
2023,2,منطقة المدينة المنورة,التخزين وأنشطة الدعم للنقل,223.0,43.0,7.0,2.0,275.0,,,,,,,,,,
2023,2,منطقة المدينة المنورة,التعليم,176.0,106.0,29.0,3.0,314.0,,,,,,,,,,
2023,2,منطقة المدينة المنورة,الحراجة وقطع الأخشاب,3.0,,,,3.0,,,,,,,,,,
2023,2,منطقة المدينة المنورة,الرعاية مع الإقامة,3.0,3.0,,,6.0,,,,,,,,,,
2023,2,منطقة المدينة المنورة,الصحة البشرية,89.0,174.0,27.0,10.0,300.0,,,,,,,,,,
2023,2,منطقة المدينة المنورة,الصرف الصحي,15.0,10.0,1.0,,26.0,,,,,,,,,,
2023,2,منطقة المدينة المنورة,الصناعة التحويلية الأخرى,28.0,9.0,1.0,,38.0,,,,,,,,,,
2023,2,منطقة المدينة المنورة,الطباعة واستنساخ وسائط الأعلام المسجّلة,37.0,9.0,,,46.0,,,,,,,,,,
2023,2,منطقة المدينة المنورة,النقل البري و النقل عبر الأنابيب,1039.0,164.0,25.0,1.0,1229.0,,,,,,,,,,
2023,2,منطقة المدينة المنورة,النقل الجوي,10.0,2.0,,,12.0,,,,,,,,,,
2023,2,منطقة المدينة المنورة,النقل المائي,24.0,7.0,1.0,,32.0,,,,,,,,,,
2023,2,منطقة المدينة المنورة,الهندسة المدنية,195.0,74.0,16.0,12.0,297.0,,,,,,,,,,
2023,2,منطقة المدينة المنورة,أنشطة الاستخدام,97.0,11.0,2.0,,110.0,,,,,,,,,,
2023,2,منطقة المدينة المنورة,أنشطة الاسر المعيشية التي تستخدم أفراداً للعمل المنزلي,1.0,,,,1.0,,,,,,,,,,
2023,2,منطقة المدينة المنورة,أنشطة الأمن والتحقيقات,13.0,6.0,1.0,,20.0,,,,,,,,,,
2023,2,منطقة المدينة المنورة,أنشطة البرمجة الحاسوبية والخبرة الاستشارية وما يتصل بها من أنشطة,90.0,7.0,1.0,,98.0,,,,,,,,,,
2023,2,منطقة المدينة المنورة,أنشطة البرمجة والإذاعة,3.0,,,,3.0,,,,,,,,,,
2023,2,منطقة المدينة المنورة,أنشطة البريد ونقل الرسائل والطرود بواسطة مندوبين,14.0,2.0,1.0,,17.0,,,,,,,,,,
2023,2,منطقة المدينة المنورة,أنشطة التشييد المتخصصة,3305.0,355.0,22.0,9.0,3691.0,,,,,,,,,,
2023,2,منطقة المدينة المنورة,أنشطة الخدمات الشخصية الأخرى,3011.0,154.0,1.0,,3166.0,,,,,,,,,,
2023,2,منطقة المدينة المنورة,أنشطة الخدمات المالية ، فيما عدا تمويل التأمين وصناديق المعاشات,39.0,4.0,,1.0,44.0,,,,,,,,,,
2023,2,منطقة المدينة المنورة,أنشطة العمل الاجتماعي، دون إقامة,162.0,85.0,11.0,,258.0,,,,,,,,,,
2023,2,منطقة المدينة المنورة,أنشطة المعالجة وخدمات إدارة النفايات الأخرى,1.0,,,,1.0,,,,,,,,,,
2023,2,منطقة المدينة المنورة,أنشطة المعمارية والهندسية ، والاختبارات الفنية والتحليل,158.0,66.0,5.0,2.0,231.0,,,,,,,,,,
2023,2,منطقة المدينة المنورة,أنشطة المكاتب الرئيسية، والأنشطة الاستشارية في مجال الإدارة,36.0,4.0,,,40.0,,,,,,,,,,
2023,2,منطقة المدينة المنورة,أنشطة المكتبات والمحفوظات والمتاحف والأنشطة الثقافية الأخرى,22.0,2.0,,,24.0,,,,,,,,,,
2023,2,منطقة المدينة المنورة,أنشطة المنظمات ذات العضوية,73.0,9.0,,,82.0,,,,,,,,,,
2023,2,منطقة المدينة المنورة,أنشطة النشر,13.0,3.0,,,16.0,,,,,,,,,,
2023,2,منطقة المدينة المنورة,أنشطة تقديم الخدمات للمباني وتجميل المواقع,679.0,141.0,35.0,4.0,859.0,,,,,,,,,,
2023,2,منطقة المدينة المنورة,أنشطة جمع النفايات ومعالجتها وتصريفها ، واسترجاع المواد,16.0,7.0,2.0,2.0,27.0,,,,,,,,,,
2023,2,منطقة المدينة المنورة,أنشطة خدمات الأطعمة والمشروبات,5610.0,1229.0,33.0,2.0,6874.0,,,,,,,,,,
2023,2,منطقة المدينة المنورة,أنشطة خدمات المعلومات,17.0,4.0,1.0,,22.0,,,,,,,,,,
2023,2,منطقة المدينة المنورة,أنشطة خدمات دعم التعدين,3.0,,1.0,,4.0,,,,,,,,,,
2023,2,منطقة المدينة المنورة,أنشطة زراعة المحاصيل والإنتاج الحيواني والصيد والخدمات المتصلة,847.0,45.0,5.0,,897.0,,,,,,,,,,
2023,2,منطقة المدينة المنورة,تجارة التجزئة، باستثناء المركبات ذات المحركات والدراجات النارية,10374.0,1356.0,55.0,1.0,11786.0,,,,,,,,,,
2023,2,منطقة المدينة المنورة,تجارة الجملة ، باستثناء المركبات ذات المحركات والدراجات النارية,3091.0,645.0,20.0,,3756.0,,,,,,,,,,
2023,2,منطقة المدينة المنورة,تجارة الجملة والتجزئة ، وإصلاح المركبات ذات المحركات والدراجات النارية,3439.0,385.0,4.0,,3828.0,,,,,,,,,,
2023,2,منطقة المدينة المنورة,تجميع المياه ومعالجتها وتوصيلها,67.0,7.0,1.0,1.0,76.0,,,,,,,,,,
2023,2,منطقة المدينة المنورة,تشييد المباني,6228.0,1229.0,79.0,10.0,7546.0,,,,,,,,,,
2023,2,منطقة المدينة المنورة,تعدين ركازات الفلزات,7.0,,,,7.0,,,,,,,,,,
2023,2,منطقة المدينة المنورة,تمويل التأمين وإعادة التأمين وصناديق المعاشات التقاعدية باستثناء الضمان الاجتماعي الإلزامي,5.0,,,,5.0,,,,,,,,,,
2023,2,منطقة المدينة المنورة,توصيل الكهرباء والغاز والبخار وتكييف الهواء,22.0,4.0,1.0,,27.0,,,,,,,,,,
2023,2,منطقة المدينة المنورة,صُنع الخشب ومنتجات الخشب والفلين ، باستثناء الأثاث ، صُنع أصناف من القش ومواد الضفر,160.0,26.0,1.0,,187.0,,,,,,,,,,
2023,2,منطقة المدينة المنورة,صُنع المشروبات,13.0,13.0,6.0,,32.0,,,,,,,,,,
2023,2,منطقة المدينة المنورة,صُنع الملبوسات,1068.0,50.0,4.0,,1122.0,,,,,,,,,,
2023,2,منطقة المدينة المنورة,صُنع المنتجات الجلدية والمنتجات ذات الصلة,8.0,2.0,1.0,,11.0,,,,,,,,,,
2023,2,منطقة المدينة المنورة,صُنع المنتجات الغذائية,529.0,140.0,16.0,1.0,686.0,,,,,,,,,,
2023,2,منطقة المدينة المنورة,صُنع المنسوجات,149.0,20.0,5.0,,174.0,,,,,,,,,,
2023,2,منطقة المدينة المنورة,صُنع المواد الكيميائية والمنتجات الكيميائية,36.0,35.0,15.0,5.0,91.0,,,,,,,,,,
2023,2,منطقة المدينة المنورة,صُنع الورق ومنتجات الورق,14.0,12.0,2.0,,28.0,,,,,,,,,,
2023,2,منطقة المدينة المنورة,صناعة الآلات والمعدات غير المصنفة في موضع أخر,20.0,6.0,3.0,,29.0,,,,,,,,,,
2023,2,منطقة المدينة المنورة,صناعة المركبات ذات المحركات والمركبات المقطورة ونصف المقطورة,13.0,2.0,,,15.0,,,,,,,,,,
2023,2,منطقة المدينة المنورة,صناعة معدات النقل الأخرى,7.0,2.0,,,9.0,,,,,,,,,,
2023,2,منطقة المدينة المنورة,صنع الأثاث,275.0,37.0,1.0,,313.0,,,,,,,,,,
2023,2,منطقة المدينة المنورة,صنع الحواسيب والمنتجات الإلكترونية والبصرية,13.0,3.0,,,16.0,,,,,,,,,,
2023,2,منطقة المدينة المنورة,صنع الفلزات القاعدية,45.0,10.0,3.0,1.0,59.0,,,,,,,,,,
2023,2,منطقة المدينة المنورة,صنع المعدات الكهربائية,40.0,11.0,2.0,,53.0,,,,,,,,,,
2023,2,منطقة المدينة المنورة,صنع المنتجات الصيدلانية الأساسية والمستحضرات الصيدلانية,6.0,1.0,,,7.0,,,,,,,,,,
2023,2,منطقة المدينة المنورة,صنع فحم الكوك والمنتجات النفطية المكررة,5.0,2.0,4.0,4.0,15.0,,,,,,,,,,
2023,2,منطقة المدينة المنورة,صنع منتجات المطاط واللدائن,26.0,27.0,8.0,1.0,62.0,,,,,,,,,,
2023,2,منطقة المدينة المنورة,صنع منتجات المعادن اللافلزية الأخرى,184.0,94.0,40.0,8.0,326.0,,,,,,,,,,
2023,2,منطقة المدينة المنورة,صنع منتجات المعادن المشكلة ( باستثناء الآلات والمعدات ),674.0,97.0,9.0,,780.0,,,,,,,,,,
2023,2,منطقة المدينة المنورة,صيد الأسماك وتربية المائيات,1263.0,25.0,,,1288.0,,,,,,,,,,
2023,2,منطقة المدينة المنورة,وكالات السفر ومشغّلو الجولات السياحية وخدمات الحجز والأنشطة المتصلة بها,138.0,40.0,,,178.0,,,,,,,,,,
2023,2,منطقة المدينة المنورة,غير معرف,5529.0,99.0,1.0,,5629.0,,,,,,,,,,
2023,2,منطقة تبوك,أبحاث الإعلان والسوق,90.0,8.0,,,98.0,,,,,,,,,,
2023,2,منطقة تبوك,إصلاح أجهزة الحاسوب والسلع الشخصية والمنزلية,258.0,12.0,2.0,,272.0,,,,,,,,,,
2023,2,منطقة تبوك,إصلاح وتركيب الآلات والمعدات,147.0,5.0,1.0,,153.0,,,,,,,,,,
2023,2,منطقة تبوك,الاتصالات,14.0,1.0,,,15.0,,,,,,,,,,
2023,2,منطقة تبوك,الإدارة العامة والدفاع ؛ والضمان الاجتماعي الإلزامي,10.0,2.0,,,12.0,,,,,,,,,,
2023,2,منطقة تبوك,الإقامة,110.0,40.0,5.0,,155.0,,,,,,,,,,
2023,2,منطقة تبوك,الأنشطة الإبداعية والفنون وأنشطة الترفيه,3.0,,,,3.0,,,,,,,,,,
2023,2,منطقة تبوك,الأنشطة الأخرى للتعدين واستغلال المحاجر,14.0,10.0,1.0,,25.0,,,,,,,,,,
2023,2,منطقة تبوك,الأنشطة الإدارية للمكاتب ، وأنشطة الدعم للمكاتب وغير ذلك من أنشطة الدعم للأعمال,159.0,7.0,1.0,,167.0,,,,,,,,,,
2023,2,منطقة تبوك,الأنشطة الإيجارية,410.0,18.0,4.0,,432.0,,,,,,,,,,
2023,2,منطقة تبوك,الأنشطة البيطرية,8.0,2.0,,,10.0,,,,,,,,,,
2023,2,منطقة تبوك,الأنشطة الرياضية وأنشطة التسلية والترفيه,78.0,24.0,,,102.0,,,,,,,,,,
2023,2,منطقة تبوك,الأنشطة العقارية,131.0,9.0,,,140.0,,,,,,,,,,
2023,2,منطقة تبوك,الأنشطة القانونية وأنشطة المحاسبة,24.0,9.0,,,33.0,,,,,,,,,,
2023,2,منطقة تبوك,الأنشطة المساعدة لأنشطة الخدمات المالية وأنشطة التأمين,3.0,1.0,,,4.0,,,,,,,,,,
2023,2,منطقة تبوك,الأنشطة المهنية والعلمية والتقنية الأخرى,42.0,2.0,,,44.0,,,,,,,,,,
2023,2,منطقة تبوك,البحث والتطوير في المجال العلمي,,,,,,,,,,,,,,,
2023,2,منطقة تبوك,التخزين وأنشطة الدعم للنقل,90.0,21.0,2.0,1.0,114.0,,,,,,,,,,
2023,2,منطقة تبوك,التعليم,43.0,53.0,17.0,,113.0,,,,,,,,,,
2023,2,منطقة تبوك,الرعاية مع الإقامة,1.0,3.0,,,4.0,,,,,,,,,,
2023,2,منطقة تبوك,الصحة البشرية,31.0,65.0,13.0,1.0,110.0,,,,,,,,,,
2023,2,منطقة تبوك,الصرف الصحي,6.0,1.0,,,7.0,,,,,,,,,,
2023,2,منطقة تبوك,الصناعة التحويلية الأخرى,10.0,4.0,,,14.0,,,,,,,,,,
2023,2,منطقة تبوك,الطباعة واستنساخ وسائط الأعلام المسجّلة,16.0,7.0,,,23.0,,,,,,,,,,
2023,2,منطقة تبوك,النقل البري و النقل عبر الأنابيب,629.0,66.0,6.0,1.0,702.0,,,,,,,,,,
2023,2,منطقة تبوك,النقل الجوي,7.0,1.0,,,8.0,,,,,,,,,,
2023,2,منطقة تبوك,النقل المائي,15.0,2.0,,,17.0,,,,,,,,,,
2023,2,منطقة تبوك,الهندسة المدنية,76.0,18.0,5.0,1.0,100.0,,,,,,,,,,
2023,2,منطقة تبوك,أنشطة الاستخدام,55.0,4.0,,,59.0,,,,,,,,,,
2023,2,منطقة تبوك,أنشطة الأمن والتحقيقات,10.0,,,,10.0,,,,,,,,,,
2023,2,منطقة تبوك,أنشطة البرمجة الحاسوبية والخبرة الاستشارية وما يتصل بها من أنشطة,21.0,1.0,,,22.0,,,,,,,,,,
2023,2,منطقة تبوك,أنشطة البرمجة والإذاعة,2.0,,,,2.0,,,,,,,,,,
2023,2,منطقة تبوك,أنشطة البريد ونقل الرسائل والطرود بواسطة مندوبين,9.0,1.0,,,10.0,,,,,,,,,,
2023,2,منطقة تبوك,أنشطة التشييد المتخصصة,1414.0,73.0,3.0,1.0,1491.0,,,,,,,,,,
2023,2,منطقة تبوك,أنشطة الخدمات الشخصية الأخرى,1528.0,44.0,,,1572.0,,,,,,,,,,
2023,2,منطقة تبوك,أنشطة الخدمات المالية ، فيما عدا تمويل التأمين وصناديق المعاشات,15.0,,,,15.0,,,,,,,,,,
2023,2,منطقة تبوك,أنشطة العمل الاجتماعي، دون إقامة,38.0,15.0,,,53.0,,,,,,,,,,
2023,2,منطقة تبوك,أنشطة المعمارية والهندسية ، والاختبارات الفنية والتحليل,86.0,21.0,1.0,,108.0,,,,,,,,,,
2023,2,منطقة تبوك,أنشطة المكاتب الرئيسية، والأنشطة الاستشارية في مجال الإدارة,2.0,,,,2.0,,,,,,,,,,
2023,2,منطقة تبوك,أنشطة المكتبات والمحفوظات والمتاحف والأنشطة الثقافية الأخرى,5.0,,,,5.0,,,,,,,,,,
2023,2,منطقة تبوك,أنشطة المنظمات ذات العضوية,14.0,4.0,1.0,,19.0,,,,,,,,,,
2023,2,منطقة تبوك,أنشطة النشر,3.0,,,,3.0,,,,,,,,,,
2023,2,منطقة تبوك,أنشطة تقديم الخدمات للمباني وتجميل المواقع,289.0,34.0,8.0,2.0,333.0,,,,,,,,,,
2023,2,منطقة تبوك,أنشطة جمع النفايات ومعالجتها وتصريفها ، واسترجاع المواد,4.0,,,,4.0,,,,,,,,,,
2023,2,منطقة تبوك,أنشطة خدمات الأطعمة والمشروبات,2467.0,434.0,10.0,2.0,2913.0,,,,,,,,,,
2023,2,منطقة تبوك,أنشطة خدمات المعلومات,8.0,1.0,,,9.0,,,,,,,,,,
2023,2,منطقة تبوك,أنشطة خدمات دعم التعدين,1.0,1.0,,,2.0,,,,,,,,,,
2023,2,منطقة تبوك,أنشطة زراعة المحاصيل والإنتاج الحيواني والصيد والخدمات المتصلة,810.0,35.0,1.0,2.0,848.0,,,,,,,,,,
2023,2,منطقة تبوك,تجارة التجزئة، باستثناء المركبات ذات المحركات والدراجات النارية,3971.0,433.0,8.0,1.0,4413.0,,,,,,,,,,
2023,2,منطقة تبوك,تجارة الجملة ، باستثناء المركبات ذات المحركات والدراجات النارية,929.0,148.0,9.0,,1086.0,,,,,,,,,,
2023,2,منطقة تبوك,تجارة الجملة والتجزئة ، وإصلاح المركبات ذات المحركات والدراجات النارية,1765.0,186.0,3.0,,1954.0,,,,,,,,,,
2023,2,منطقة تبوك,تجميع المياه ومعالجتها وتوصيلها,50.0,5.0,,,55.0,,,,,,,,,,
2023,2,منطقة تبوك,تشييد المباني,2804.0,311.0,13.0,,3128.0,,,,,,,,,,
2023,2,منطقة تبوك,تعدين ركازات الفلزات,,1.0,,,1.0,,,,,,,,,,
2023,2,منطقة تبوك,توصيل الكهرباء والغاز والبخار وتكييف الهواء,13.0,,,,13.0,,,,,,,,,,
2023,2,منطقة تبوك,صُنع الخشب ومنتجات الخشب والفلين ، باستثناء الأثاث ، صُنع أصناف من القش ومواد الضفر,97.0,10.0,,,107.0,,,,,,,,,,
2023,2,منطقة تبوك,صُنع المشروبات,18.0,4.0,2.0,,24.0,,,,,,,,,,
2023,2,منطقة تبوك,صُنع الملبوسات,796.0,18.0,1.0,,815.0,,,,,,,,,,
2023,2,منطقة تبوك,صُنع المنتجات الجلدية والمنتجات ذات الصلة,1.0,,,,1.0,,,,,,,,,,
2023,2,منطقة تبوك,صُنع المنتجات الغذائية,219.0,30.0,8.0,1.0,258.0,,,,,,,,,,
2023,2,منطقة تبوك,صُنع المنسوجات,70.0,5.0,,,75.0,,,,,,,,,,
2023,2,منطقة تبوك,صُنع المواد الكيميائية والمنتجات الكيميائية,16.0,12.0,,1.0,29.0,,,,,,,,,,
2023,2,منطقة تبوك,صُنع الورق ومنتجات الورق,3.0,4.0,2.0,,9.0,,,,,,,,,,
2023,2,منطقة تبوك,صناعة الآلات والمعدات غير المصنفة في موضع أخر,5.0,,,,5.0,,,,,,,,,,
2023,2,منطقة تبوك,صناعة المركبات ذات المحركات والمركبات المقطورة ونصف المقطورة,5.0,1.0,,,6.0,,,,,,,,,,
2023,2,منطقة تبوك,صناعة معدات النقل الأخرى,1.0,,,,1.0,,,,,,,,,,
2023,2,منطقة تبوك,صنع الأثاث,226.0,22.0,,,248.0,,,,,,,,,,
2023,2,منطقة تبوك,صنع الحواسيب والمنتجات الإلكترونية والبصرية,11.0,,,,11.0,,,,,,,,,,
2023,2,منطقة تبوك,صنع الفلزات القاعدية,7.0,6.0,2.0,,15.0,,,,,,,,,,
2023,2,منطقة تبوك,صنع المعدات الكهربائية,8.0,1.0,,,9.0,,,,,,,,,,
2023,2,منطقة تبوك,صنع المنتجات الصيدلانية الأساسية والمستحضرات الصيدلانية,3.0,,,,3.0,,,,,,,,,,
2023,2,منطقة تبوك,صنع فحم الكوك والمنتجات النفطية المكررة,1.0,1.0,,,2.0,,,,,,,,,,
2023,2,منطقة تبوك,صنع منتجات المطاط واللدائن,6.0,6.0,1.0,,13.0,,,,,,,,,,
2023,2,منطقة تبوك,صنع منتجات المعادن اللافلزية الأخرى,55.0,29.0,8.0,2.0,94.0,,,,,,,,,,
2023,2,منطقة تبوك,صنع منتجات المعادن المشكلة ( باستثناء الآلات والمعدات ),228.0,31.0,2.0,,261.0,,,,,,,,,,
2023,2,منطقة تبوك,صيد الأسماك وتربية المائيات,472.0,21.0,,,493.0,,,,,,,,,,
2023,2,منطقة تبوك,وكالات السفر ومشغّلو الجولات السياحية وخدمات الحجز والأنشطة المتصلة بها,42.0,8.0,,,50.0,,,,,,,,,,
2023,2,منطقة تبوك,غير معرف,2172.0,37.0,1.0,,2210.0,,,,,,,,,,
2023,2,منطقة جازان,أبحاث الإعلان والسوق,105.0,8.0,,,113.0,,,,,,,,,,
2023,2,منطقة جازان,استخراج النفط الخام والغاز الطبيعي,,,,,,,,,,,,,,,
2023,2,منطقة جازان,إصلاح أجهزة الحاسوب والسلع الشخصية والمنزلية,271.0,8.0,,,279.0,,,,,,,,,,
2023,2,منطقة جازان,إصلاح وتركيب الآلات والمعدات,365.0,9.0,1.0,,375.0,,,,,,,,,,
2023,2,منطقة جازان,الاتصالات,22.0,1.0,,,23.0,,,,,,,,,,
2023,2,منطقة جازان,الإدارة العامة والدفاع ؛ والضمان الاجتماعي الإلزامي,34.0,1.0,,,35.0,,,,,,,,,,
2023,2,منطقة جازان,الإقامة,263.0,51.0,5.0,,319.0,,,,,,,,,,
2023,2,منطقة جازان,الأنشطة الإبداعية والفنون وأنشطة الترفيه,2.0,,,,2.0,,,,,,,,,,
2023,2,منطقة جازان,الأنشطة الأخرى للتعدين واستغلال المحاجر,29.0,18.0,1.0,,48.0,,,,,,,,,,
2023,2,منطقة جازان,الأنشطة الإدارية للمكاتب ، وأنشطة الدعم للمكاتب وغير ذلك من أنشطة الدعم للأعمال,144.0,6.0,,,150.0,,,,,,,,,,
2023,2,منطقة جازان,الأنشطة الإيجارية,1113.0,21.0,1.0,,1135.0,,,,,,,,,,
2023,2,منطقة جازان,الأنشطة البيطرية,6.0,1.0,,,7.0,,,,,,,,,,
2023,2,منطقة جازان,الأنشطة الرياضية وأنشطة التسلية والترفيه,73.0,10.0,3.0,,86.0,,,,,,,,,,
2023,2,منطقة جازان,الأنشطة العقارية,169.0,16.0,1.0,,186.0,,,,,,,,,,
2023,2,منطقة جازان,الأنشطة القانونية وأنشطة المحاسبة,41.0,9.0,,,50.0,,,,,,,,,,
2023,2,منطقة جازان,الأنشطة المساعدة لأنشطة الخدمات المالية وأنشطة التأمين,,1.0,,,1.0,,,,,,,,,,
2023,2,منطقة جازان,الأنشطة المهنية والعلمية والتقنية الأخرى,46.0,2.0,,,48.0,,,,,,,,,,
2023,2,منطقة جازان,البحث والتطوير في المجال العلمي,1.0,1.0,,,2.0,,,,,,,,,,
2023,2,منطقة جازان,التخزين وأنشطة الدعم للنقل,87.0,21.0,1.0,,109.0,,,,,,,,,,
2023,2,منطقة جازان,التعليم,93.0,56.0,5.0,,154.0,,,,,,,,,,
2023,2,منطقة جازان,الحراجة وقطع الأخشاب,2.0,,,,2.0,,,,,,,,,,
2023,2,منطقة جازان,الرعاية مع الإقامة,,5.0,,,5.0,,,,,,,,,,
2023,2,منطقة جازان,الصحة البشرية,73.0,103.0,20.0,2.0,198.0,,,,,,,,,,
2023,2,منطقة جازان,الصرف الصحي,28.0,1.0,,,29.0,,,,,,,,,,
2023,2,منطقة جازان,الصناعة التحويلية الأخرى,18.0,3.0,,,21.0,,,,,,,,,,
2023,2,منطقة جازان,الطباعة واستنساخ وسائط الأعلام المسجّلة,11.0,2.0,,,13.0,,,,,,,,,,
2023,2,منطقة جازان,النقل البري و النقل عبر الأنابيب,605.0,35.0,6.0,2.0,648.0,,,,,,,,,,
2023,2,منطقة جازان,النقل الجوي,11.0,,,,11.0,,,,,,,,,,
2023,2,منطقة جازان,النقل المائي,14.0,3.0,,,17.0,,,,,,,,,,
2023,2,منطقة جازان,الهندسة المدنية,107.0,22.0,5.0,1.0,135.0,,,,,,,,,,
2023,2,منطقة جازان,أنشطة الاستخدام,50.0,2.0,,,52.0,,,,,,,,,,
2023,2,منطقة جازان,أنشطة الاسر المعيشية التي تستخدم أفراداً للعمل المنزلي,1.0,,,,1.0,,,,,,,,,,
2023,2,منطقة جازان,أنشطة الأمن والتحقيقات,9.0,3.0,,1.0,13.0,,,,,,,,,,
2023,2,منطقة جازان,أنشطة البرمجة الحاسوبية والخبرة الاستشارية وما يتصل بها من أنشطة,25.0,1.0,,,26.0,,,,,,,,,,
2023,2,منطقة جازان,أنشطة البرمجة والإذاعة,1.0,,,,1.0,,,,,,,,,,
2023,2,منطقة جازان,أنشطة البريد ونقل الرسائل والطرود بواسطة مندوبين,7.0,1.0,,,8.0,,,,,,,,,,
2023,2,منطقة جازان,أنشطة التشييد المتخصصة,2378.0,97.0,1.0,1.0,2477.0,,,,,,,,,,
2023,2,منطقة جازان,أنشطة الخدمات الشخصية الأخرى,2107.0,35.0,,,2142.0,,,,,,,,,,
2023,2,منطقة جازان,أنشطة الخدمات المالية ، فيما عدا تمويل التأمين وصناديق المعاشات,16.0,,,,16.0,,,,,,,,,,
2023,2,منطقة جازان,أنشطة العمل الاجتماعي، دون إقامة,76.0,28.0,1.0,,105.0,,,,,,,,,,
2023,2,منطقة جازان,أنشطة المعالجة وخدمات إدارة النفايات الأخرى,1.0,,,,1.0,,,,,,,,,,
2023,2,منطقة جازان,أنشطة المعمارية والهندسية ، والاختبارات الفنية والتحليل,152.0,21.0,1.0,,174.0,,,,,,,,,,
2023,2,منطقة جازان,أنشطة المكاتب الرئيسية، والأنشطة الاستشارية في مجال الإدارة,5.0,,,,5.0,,,,,,,,,,
2023,2,منطقة جازان,أنشطة المكتبات والمحفوظات والمتاحف والأنشطة الثقافية الأخرى,11.0,,,,11.0,,,,,,,,,,
2023,2,منطقة جازان,أنشطة المنظمات ذات العضوية,127.0,6.0,2.0,,135.0,,,,,,,,,,
2023,2,منطقة جازان,أنشطة النشر,5.0,,,,5.0,,,,,,,,,,
2023,2,منطقة جازان,أنشطة تقديم الخدمات للمباني وتجميل المواقع,294.0,33.0,3.0,,330.0,,,,,,,,,,
2023,2,منطقة جازان,أنشطة جمع النفايات ومعالجتها وتصريفها ، واسترجاع المواد,7.0,5.0,1.0,,13.0,,,,,,,,,,
2023,2,منطقة جازان,أنشطة خدمات الأطعمة والمشروبات,4697.0,639.0,14.0,,5350.0,,,,,,,,,,
2023,2,منطقة جازان,أنشطة خدمات المعلومات,5.0,,,,5.0,,,,,,,,,,
2023,2,منطقة جازان,أنشطة خدمات دعم التعدين,3.0,1.0,,,4.0,,,,,,,,,,
2023,2,منطقة جازان,أنشطة زراعة المحاصيل والإنتاج الحيواني والصيد والخدمات المتصلة,735.0,32.0,2.0,,769.0,,,,,,,,,,
2023,2,منطقة جازان,تجارة التجزئة، باستثناء المركبات ذات المحركات والدراجات النارية,7381.0,715.0,17.0,,8113.0,,,,,,,,,,
2023,2,منطقة جازان,تجارة الجملة ، باستثناء المركبات ذات المحركات والدراجات النارية,1799.0,248.0,6.0,,2053.0,,,,,,,,,,
2023,2,منطقة جازان,تجارة الجملة والتجزئة ، وإصلاح المركبات ذات المحركات والدراجات النارية,2755.0,164.0,4.0,1.0,2924.0,,,,,,,,,,
2023,2,منطقة جازان,تجميع المياه ومعالجتها وتوصيلها,86.0,6.0,1.0,,93.0,,,,,,,,,,
2023,2,منطقة جازان,تشييد المباني,4243.0,346.0,18.0,1.0,4608.0,,,,,,,,,,
2023,2,منطقة جازان,تعدين ركازات الفلزات,7.0,1.0,,,8.0,,,,,,,,,,
2023,2,منطقة جازان,تمويل التأمين وإعادة التأمين وصناديق المعاشات التقاعدية باستثناء الضمان الاجتماعي الإلزامي,1.0,,,,1.0,,,,,,,,,,
2023,2,منطقة جازان,توصيل الكهرباء والغاز والبخار وتكييف الهواء,23.0,4.0,2.0,,29.0,,,,,,,,,,
2023,2,منطقة جازان,صُنع الخشب ومنتجات الخشب والفلين ، باستثناء الأثاث ، صُنع أصناف من القش ومواد الضفر,204.0,12.0,3.0,,219.0,,,,,,,,,,
2023,2,منطقة جازان,صُنع المشروبات,21.0,7.0,5.0,1.0,34.0,,,,,,,,,,
2023,2,منطقة جازان,صُنع الملبوسات,658.0,19.0,1.0,,678.0,,,,,,,,,,
2023,2,منطقة جازان,صُنع المنتجات الجلدية والمنتجات ذات الصلة,51.0,1.0,,,52.0,,,,,,,,,,
2023,2,منطقة جازان,صُنع المنتجات الغذائية,301.0,53.0,6.0,,360.0,,,,,,,,,,
2023,2,منطقة جازان,صُنع المنسوجات,34.0,2.0,,,36.0,,,,,,,,,,
2023,2,منطقة جازان,صُنع المواد الكيميائية والمنتجات الكيميائية,17.0,10.0,1.0,,28.0,,,,,,,,,,
2023,2,منطقة جازان,صُنع الورق ومنتجات الورق,4.0,3.0,1.0,,8.0,,,,,,,,,,
2023,2,منطقة جازان,صناعة الآلات والمعدات غير المصنفة في موضع أخر,18.0,2.0,,,20.0,,,,,,,,,,
2023,2,منطقة جازان,صناعة المركبات ذات المحركات والمركبات المقطورة ونصف المقطورة,12.0,1.0,,,13.0,,,,,,,,,,
2023,2,منطقة جازان,صناعة معدات النقل الأخرى,5.0,,,,5.0,,,,,,,,,,
2023,2,منطقة جازان,صنع الأثاث,397.0,20.0,,,417.0,,,,,,,,,,
2023,2,منطقة جازان,صنع الحواسيب والمنتجات الإلكترونية والبصرية,19.0,1.0,,,20.0,,,,,,,,,,
2023,2,منطقة جازان,صنع الفلزات القاعدية,35.0,2.0,2.0,1.0,40.0,,,,,,,,,,
2023,2,منطقة جازان,صنع المعدات الكهربائية,29.0,,,,29.0,,,,,,,,,,
2023,2,منطقة جازان,صنع المنتجات الصيدلانية الأساسية والمستحضرات الصيدلانية,5.0,,,,5.0,,,,,,,,,,
2023,2,منطقة جازان,صنع فحم الكوك والمنتجات النفطية المكررة,2.0,,,1.0,3.0,,,,,,,,,,
2023,2,منطقة جازان,صنع منتجات المطاط واللدائن,12.0,1.0,,,13.0,,,,,,,,,,
2023,2,منطقة جازان,صنع منتجات المعادن اللافلزية الأخرى,146.0,69.0,31.0,2.0,248.0,,,,,,,,,,
2023,2,منطقة جازان,صنع منتجات المعادن المشكلة ( باستثناء الآلات والمعدات ),842.0,40.0,1.0,,883.0,,,,,,,,,,
2023,2,منطقة جازان,صيد الأسماك وتربية المائيات,966.0,55.0,3.0,,1024.0,,,,,,,,,,
2023,2,منطقة جازان,وكالات السفر ومشغّلو الجولات السياحية وخدمات الحجز والأنشطة المتصلة بها,28.0,2.0,,,30.0,,,,,,,,,,
2023,2,منطقة جازان,غير معرف,4204.0,54.0,2.0,,4260.0,,,,,,,,,,
2023,2,منطقة حائل,أبحاث الإعلان والسوق,76.0,4.0,,,80.0,,,,,,,,,,
2023,2,منطقة حائل,إصلاح أجهزة الحاسوب والسلع الشخصية والمنزلية,296.0,18.0,,,314.0,,,,,,,,,,
2023,2,منطقة حائل,إصلاح وتركيب الآلات والمعدات,82.0,6.0,,1.0,89.0,,,,,,,,,,
2023,2,منطقة حائل,الاتصالات,14.0,1.0,,,15.0,,,,,,,,,,
2023,2,منطقة حائل,الإدارة العامة والدفاع ؛ والضمان الاجتماعي الإلزامي,9.0,,,,9.0,,,,,,,,,,
2023,2,منطقة حائل,الإقامة,72.0,26.0,1.0,,99.0,,,,,,,,,,
2023,2,منطقة حائل,الأنشطة الإبداعية والفنون وأنشطة الترفيه,2.0,,,,2.0,,,,,,,,,,
2023,2,منطقة حائل,الأنشطة الأخرى للتعدين واستغلال المحاجر,11.0,1.0,,,12.0,,,,,,,,,,
2023,2,منطقة حائل,الأنشطة الإدارية للمكاتب ، وأنشطة الدعم للمكاتب وغير ذلك من أنشطة الدعم للأعمال,189.0,5.0,,,194.0,,,,,,,,,,
2023,2,منطقة حائل,الأنشطة الإيجارية,899.0,40.0,1.0,,940.0,,,,,,,,,,
2023,2,منطقة حائل,الأنشطة البيطرية,10.0,1.0,,,11.0,,,,,,,,,,
2023,2,منطقة حائل,الأنشطة الرياضية وأنشطة التسلية والترفيه,61.0,22.0,,,83.0,,,,,,,,,,
2023,2,منطقة حائل,الأنشطة العقارية,94.0,7.0,1.0,,102.0,,,,,,,,,,
2023,2,منطقة حائل,الأنشطة القانونية وأنشطة المحاسبة,35.0,7.0,,,42.0,,,,,,,,,,
2023,2,منطقة حائل,الأنشطة المساعدة لأنشطة الخدمات المالية وأنشطة التأمين,1.0,,,,1.0,,,,,,,,,,
2023,2,منطقة حائل,الأنشطة المهنية والعلمية والتقنية الأخرى,30.0,,,,30.0,,,,,,,,,,
2023,2,منطقة حائل,البحث والتطوير في المجال العلمي,1.0,,,,1.0,,,,,,,,,,
2023,2,منطقة حائل,التخزين وأنشطة الدعم للنقل,70.0,13.0,,,83.0,,,,,,,,,,
2023,2,منطقة حائل,التعليم,123.0,30.0,5.0,,158.0,,,,,,,,,,
2023,2,منطقة حائل,الحراجة وقطع الأخشاب,1.0,,,,1.0,,,,,,,,,,
2023,2,منطقة حائل,الرعاية مع الإقامة,,2.0,,,2.0,,,,,,,,,,
2023,2,منطقة حائل,الصحة البشرية,50.0,57.0,17.0,2.0,126.0,,,,,,,,,,
2023,2,منطقة حائل,الصرف الصحي,14.0,4.0,2.0,,20.0,,,,,,,,,,
2023,2,منطقة حائل,الصناعة التحويلية الأخرى,12.0,3.0,,,15.0,,,,,,,,,,
2023,2,منطقة حائل,الطباعة واستنساخ وسائط الأعلام المسجّلة,19.0,3.0,,,22.0,,,,,,,,,,
2023,2,منطقة حائل,النقل البري و النقل عبر الأنابيب,703.0,49.0,5.0,,757.0,,,,,,,,,,
2023,2,منطقة حائل,النقل الجوي,16.0,,,,16.0,,,,,,,,,,
2023,2,منطقة حائل,النقل المائي,4.0,,,,4.0,,,,,,,,,,
2023,2,منطقة حائل,الهندسة المدنية,72.0,22.0,5.0,2.0,101.0,,,,,,,,,,
2023,2,منطقة حائل,أنشطة الاستخدام,49.0,8.0,1.0,,58.0,,,,,,,,,,
2023,2,منطقة حائل,أنشطة الاسر المعيشية التي تستخدم أفراداً للعمل المنزلي,3.0,,,,3.0,,,,,,,,,,
2023,2,منطقة حائل,أنشطة الأمن والتحقيقات,3.0,1.0,1.0,,5.0,,,,,,,,,,
2023,2,منطقة حائل,أنشطة البرمجة الحاسوبية والخبرة الاستشارية وما يتصل بها من أنشطة,11.0,2.0,,,13.0,,,,,,,,,,
2023,2,منطقة حائل,أنشطة البرمجة والإذاعة,,,,,,,,,,,,,,,
2023,2,منطقة حائل,أنشطة البريد ونقل الرسائل والطرود بواسطة مندوبين,4.0,,,,4.0,,,,,,,,,,
2023,2,منطقة حائل,أنشطة التشييد المتخصصة,1136.0,91.0,8.0,2.0,1237.0,,,,,,,,,,
2023,2,منطقة حائل,أنشطة الخدمات الشخصية الأخرى,1221.0,60.0,1.0,,1282.0,,,,,,,,,,
2023,2,منطقة حائل,أنشطة الخدمات المالية ، فيما عدا تمويل التأمين وصناديق المعاشات,18.0,,,,18.0,,,,,,,,,,
2023,2,منطقة حائل,أنشطة العمل الاجتماعي، دون إقامة,67.0,23.0,1.0,,91.0,,,,,,,,,,
2023,2,منطقة حائل,أنشطة المعمارية والهندسية ، والاختبارات الفنية والتحليل,163.0,16.0,1.0,,180.0,,,,,,,,,,
2023,2,منطقة حائل,أنشطة المكاتب الرئيسية، والأنشطة الاستشارية في مجال الإدارة,6.0,1.0,,,7.0,,,,,,,,,,
2023,2,منطقة حائل,أنشطة المكتبات والمحفوظات والمتاحف والأنشطة الثقافية الأخرى,4.0,,,,4.0,,,,,,,,,,
2023,2,منطقة حائل,أنشطة المنظمات ذات العضوية,26.0,4.0,,,30.0,,,,,,,,,,
2023,2,منطقة حائل,أنشطة النشر,23.0,2.0,,,25.0,,,,,,,,,,
2023,2,منطقة حائل,أنشطة تقديم الخدمات للمباني وتجميل المواقع,294.0,34.0,17.0,1.0,346.0,,,,,,,,,,
2023,2,منطقة حائل,أنشطة جمع النفايات ومعالجتها وتصريفها ، واسترجاع المواد,10.0,1.0,,,11.0,,,,,,,,,,
2023,2,منطقة حائل,أنشطة خدمات الأطعمة والمشروبات,1925.0,311.0,11.0,1.0,2248.0,,,,,,,,,,
2023,2,منطقة حائل,أنشطة خدمات المعلومات,4.0,,,,4.0,,,,,,,,,,
2023,2,منطقة حائل,أنشطة خدمات دعم التعدين,4.0,,,,4.0,,,,,,,,,,
2023,2,منطقة حائل,أنشطة زراعة المحاصيل والإنتاج الحيواني والصيد والخدمات المتصلة,1458.0,44.0,4.0,2.0,1508.0,,,,,,,,,,
2023,2,منطقة حائل,تجارة التجزئة، باستثناء المركبات ذات المحركات والدراجات النارية,3459.0,391.0,13.0,1.0,3864.0,,,,,,,,,,
2023,2,منطقة حائل,تجارة الجملة ، باستثناء المركبات ذات المحركات والدراجات النارية,769.0,162.0,1.0,,932.0,,,,,,,,,,
2023,2,منطقة حائل,تجارة الجملة والتجزئة ، وإصلاح المركبات ذات المحركات والدراجات النارية,1391.0,208.0,2.0,,1601.0,,,,,,,,,,
2023,2,منطقة حائل,تجميع المياه ومعالجتها وتوصيلها,32.0,1.0,3.0,,36.0,,,,,,,,,,
2023,2,منطقة حائل,تشييد المباني,3149.0,360.0,25.0,3.0,3537.0,,,,,,,,,,
2023,2,منطقة حائل,تعدين الفحم والليغنيت,1.0,,,,1.0,,,,,,,,,,
2023,2,منطقة حائل,تعدين ركازات الفلزات,2.0,,,,2.0,,,,,,,,,,
2023,2,منطقة حائل,توصيل الكهرباء والغاز والبخار وتكييف الهواء,9.0,2.0,,,11.0,,,,,,,,,,
2023,2,منطقة حائل,صُنع الخشب ومنتجات الخشب والفلين ، باستثناء الأثاث ، صُنع أصناف من القش ومواد الضفر,60.0,10.0,,,70.0,,,,,,,,,,
2023,2,منطقة حائل,صُنع المشروبات,6.0,5.0,1.0,1.0,13.0,,,,,,,,,,
2023,2,منطقة حائل,صُنع الملبوسات,426.0,22.0,,1.0,449.0,,,,,,,,,,
2023,2,منطقة حائل,صُنع المنتجات الجلدية والمنتجات ذات الصلة,5.0,3.0,,,8.0,,,,,,,,,,
2023,2,منطقة حائل,صُنع المنتجات الغذائية,214.0,35.0,8.0,2.0,259.0,,,,,,,,,,
2023,2,منطقة حائل,صُنع المنسوجات,51.0,6.0,,,57.0,,,,,,,,,,
2023,2,منطقة حائل,صُنع المواد الكيميائية والمنتجات الكيميائية,52.0,12.0,1.0,,65.0,,,,,,,,,,
2023,2,منطقة حائل,صُنع الورق ومنتجات الورق,7.0,3.0,,,10.0,,,,,,,,,,
2023,2,منطقة حائل,صناعة الآلات والمعدات غير المصنفة في موضع أخر,13.0,1.0,,,14.0,,,,,,,,,,
2023,2,منطقة حائل,صناعة المركبات ذات المحركات والمركبات المقطورة ونصف المقطورة,6.0,,,,6.0,,,,,,,,,,
2023,2,منطقة حائل,صناعة معدات النقل الأخرى,1.0,,,,1.0,,,,,,,,,,
2023,2,منطقة حائل,صنع الأثاث,150.0,15.0,,,165.0,,,,,,,,,,
2023,2,منطقة حائل,صنع الحواسيب والمنتجات الإلكترونية والبصرية,7.0,,,,7.0,,,,,,,,,,
2023,2,منطقة حائل,صنع الفلزات القاعدية,32.0,3.0,2.0,,37.0,,,,,,,,,,
2023,2,منطقة حائل,صنع المعدات الكهربائية,11.0,2.0,1.0,,14.0,,,,,,,,,,
2023,2,منطقة حائل,صنع المنتجات الصيدلانية الأساسية والمستحضرات الصيدلانية,7.0,1.0,1.0,,9.0,,,,,,,,,,
2023,2,منطقة حائل,صنع فحم الكوك والمنتجات النفطية المكررة,1.0,,,,1.0,,,,,,,,,,
2023,2,منطقة حائل,صنع منتجات المطاط واللدائن,9.0,1.0,3.0,,13.0,,,,,,,,,,
2023,2,منطقة حائل,صنع منتجات المعادن اللافلزية الأخرى,138.0,37.0,12.0,1.0,188.0,,,,,,,,,,
2023,2,منطقة حائل,صنع منتجات المعادن المشكلة ( باستثناء الآلات والمعدات ),241.0,54.0,2.0,,297.0,,,,,,,,,,
2023,2,منطقة حائل,صيد الأسماك وتربية المائيات,5215.0,24.0,,,5239.0,,,,,,,,,,
2023,2,منطقة حائل,وكالات السفر ومشغّلو الجولات السياحية وخدمات الحجز والأنشطة المتصلة بها,16.0,7.0,,,23.0,,,,,,,,,,
2023,2,منطقة حائل,غير معرف,4257.0,44.0,2.0,,4303.0,,,,,,,,,,
2023,2,منطقة عسير,أبحاث الإعلان والسوق,156.0,27.0,1.0,,184.0,,,,,,,,,,
2023,2,منطقة عسير,استخراج النفط الخام والغاز الطبيعي,3.0,,,,3.0,,,,,,,,,,
2023,2,منطقة عسير,إصلاح أجهزة الحاسوب والسلع الشخصية والمنزلية,548.0,21.0,,,569.0,,,,,,,,,,
2023,2,منطقة عسير,إصلاح وتركيب الآلات والمعدات,243.0,13.0,2.0,1.0,259.0,,,,,,,,,,
2023,2,منطقة عسير,الاتصالات,36.0,3.0,,,39.0,,,,,,,,,,
2023,2,منطقة عسير,الإدارة العامة والدفاع ؛ والضمان الاجتماعي الإلزامي,19.0,2.0,,,21.0,,,,,,,,,,
2023,2,منطقة عسير,الإقامة,414.0,111.0,5.0,,530.0,,,,,,,,,,
2023,2,منطقة عسير,الأنشطة الإبداعية والفنون وأنشطة الترفيه,13.0,,1.0,,14.0,,,,,,,,,,
2023,2,منطقة عسير,الأنشطة الأخرى للتعدين واستغلال المحاجر,62.0,24.0,2.0,1.0,89.0,,,,,,,,,,
2023,2,منطقة عسير,الأنشطة الإدارية للمكاتب ، وأنشطة الدعم للمكاتب وغير ذلك من أنشطة الدعم للأعمال,316.0,18.0,1.0,,335.0,,,,,,,,,,
2023,2,منطقة عسير,الأنشطة الإيجارية,1348.0,61.0,1.0,,1410.0,,,,,,,,,,
2023,2,منطقة عسير,الأنشطة البيطرية,33.0,3.0,,,36.0,,,,,,,,,,
2023,2,منطقة عسير,الأنشطة الرياضية وأنشطة التسلية والترفيه,150.0,57.0,,,207.0,,,,,,,,,,
2023,2,منطقة عسير,الأنشطة العقارية,300.0,34.0,4.0,,338.0,,,,,,,,,,
2023,2,منطقة عسير,الأنشطة القانونية وأنشطة المحاسبة,83.0,10.0,2.0,,95.0,,,,,,,,,,
2023,2,منطقة عسير,الأنشطة المساعدة لأنشطة الخدمات المالية وأنشطة التأمين,5.0,,,,5.0,,,,,,,,,,
2023,2,منطقة عسير,الأنشطة المهنية والعلمية والتقنية الأخرى,60.0,5.0,1.0,,66.0,,,,,,,,,,
2023,2,منطقة عسير,البحث والتطوير في المجال العلمي,2.0,3.0,,,5.0,,,,,,,,,,
2023,2,منطقة عسير,التخزين وأنشطة الدعم للنقل,141.0,37.0,4.0,1.0,183.0,,,,,,,,,,
2023,2,منطقة عسير,التعليم,118.0,75.0,18.0,,211.0,,,,,,,,,,
2023,2,منطقة عسير,الرعاية مع الإقامة,2.0,3.0,,,5.0,,,,,,,,,,
2023,2,منطقة عسير,الصحة البشرية,103.0,208.0,39.0,6.0,356.0,,,,,,,,,,
2023,2,منطقة عسير,الصرف الصحي,12.0,4.0,1.0,1.0,18.0,,,,,,,,,,
2023,2,منطقة عسير,الصناعة التحويلية الأخرى,34.0,15.0,,,49.0,,,,,,,,,,
2023,2,منطقة عسير,الطباعة واستنساخ وسائط الأعلام المسجّلة,27.0,9.0,,,36.0,,,,,,,,,,
2023,2,منطقة عسير,النقل البري و النقل عبر الأنابيب,1812.0,272.0,16.0,2.0,2102.0,,,,,,,,,,
2023,2,منطقة عسير,النقل الجوي,11.0,1.0,,,12.0,,,,,,,,,,
2023,2,منطقة عسير,النقل المائي,14.0,,,,14.0,,,,,,,,,,
2023,2,منطقة عسير,الهندسة المدنية,159.0,54.0,25.0,7.0,245.0,,,,,,,,,,
2023,2,منطقة عسير,أنشطة الاستخدام,125.0,12.0,3.0,2.0,142.0,,,,,,,,,,
2023,2,منطقة عسير,أنشطة الاسر المعيشية التي تستخدم أفراداً للعمل المنزلي,,1.0,,,1.0,,,,,,,,,,
2023,2,منطقة عسير,أنشطة الأمن والتحقيقات,8.0,5.0,,2.0,15.0,,,,,,,,,,
2023,2,منطقة عسير,أنشطة البرمجة الحاسوبية والخبرة الاستشارية وما يتصل بها من أنشطة,60.0,6.0,,,66.0,,,,,,,,,,
2023,2,منطقة عسير,أنشطة البرمجة والإذاعة,7.0,,,,7.0,,,,,,,,,,
2023,2,منطقة عسير,أنشطة البريد ونقل الرسائل والطرود بواسطة مندوبين,12.0,2.0,,,14.0,,,,,,,,,,
2023,2,منطقة عسير,أنشطة التشييد المتخصصة,3179.0,284.0,11.0,4.0,3478.0,,,,,,,,,,
2023,2,منطقة عسير,أنشطة الخدمات الشخصية الأخرى,3017.0,115.0,,,3132.0,,,,,,,,,,
2023,2,منطقة عسير,أنشطة الخدمات المالية ، فيما عدا تمويل التأمين وصناديق المعاشات,25.0,3.0,,,28.0,,,,,,,,,,
2023,2,منطقة عسير,أنشطة العمل الاجتماعي، دون إقامة,127.0,59.0,4.0,,190.0,,,,,,,,,,
2023,2,منطقة عسير,أنشطة المعمارية والهندسية ، والاختبارات الفنية والتحليل,271.0,48.0,1.0,,320.0,,,,,,,,,,
2023,2,منطقة عسير,أنشطة المكاتب الرئيسية، والأنشطة الاستشارية في مجال الإدارة,16.0,1.0,,,17.0,,,,,,,,,,
2023,2,منطقة عسير,أنشطة المكتبات والمحفوظات والمتاحف والأنشطة الثقافية الأخرى,12.0,,,,12.0,,,,,,,,,,
2023,2,منطقة عسير,أنشطة المنظمات ذات العضوية,33.0,6.0,,,39.0,,,,,,,,,,
2023,2,منطقة عسير,أنشطة النشر,10.0,1.0,1.0,,12.0,,,,,,,,,,
2023,2,منطقة عسير,أنشطة تقديم الخدمات للمباني وتجميل المواقع,464.0,61.0,11.0,7.0,543.0,,,,,,,,,,
2023,2,منطقة عسير,أنشطة جمع النفايات ومعالجتها وتصريفها ، واسترجاع المواد,20.0,5.0,2.0,1.0,28.0,,,,,,,,,,
2023,2,منطقة عسير,أنشطة خدمات الأطعمة والمشروبات,6407.0,1267.0,44.0,,7718.0,,,,,,,,,,
2023,2,منطقة عسير,أنشطة خدمات المعلومات,8.0,,,,8.0,,,,,,,,,,
2023,2,منطقة عسير,أنشطة خدمات دعم التعدين,12.0,,,,12.0,,,,,,,,,,
2023,2,منطقة عسير,أنشطة زراعة المحاصيل والإنتاج الحيواني والصيد والخدمات المتصلة,1067.0,59.0,7.0,,1133.0,,,,,,,,,,
2023,2,منطقة عسير,تجارة التجزئة، باستثناء المركبات ذات المحركات والدراجات النارية,9538.0,1208.0,31.0,2.0,10779.0,,,,,,,,,,
2023,2,منطقة عسير,تجارة الجملة ، باستثناء المركبات ذات المحركات والدراجات النارية,2290.0,505.0,19.0,,2814.0,,,,,,,,,,
2023,2,منطقة عسير,تجارة الجملة والتجزئة ، وإصلاح المركبات ذات المحركات والدراجات النارية,4188.0,524.0,10.0,,4722.0,,,,,,,,,,
2023,2,منطقة عسير,تجميع المياه ومعالجتها وتوصيلها,144.0,15.0,,,159.0,,,,,,,,,,
2023,2,منطقة عسير,تشييد المباني,8273.0,913.0,39.0,4.0,9229.0,,,,,,,,,,
2023,2,منطقة عسير,تعدين ركازات الفلزات,31.0,4.0,,,35.0,,,,,,,,,,
2023,2,منطقة عسير,تمويل التأمين وإعادة التأمين وصناديق المعاشات التقاعدية باستثناء الضمان الاجتماعي الإلزامي,1.0,,,,1.0,,,,,,,,,,
2023,2,منطقة عسير,توصيل الكهرباء والغاز والبخار وتكييف الهواء,25.0,5.0,3.0,1.0,34.0,,,,,,,,,,
2023,2,منطقة عسير,صُنع الخشب ومنتجات الخشب والفلين ، باستثناء الأثاث ، صُنع أصناف من القش ومواد الضفر,293.0,34.0,2.0,,329.0,,,,,,,,,,
2023,2,منطقة عسير,صُنع المشروبات,21.0,12.0,2.0,1.0,36.0,,,,,,,,,,
2023,2,منطقة عسير,صُنع الملبوسات,1052.0,48.0,3.0,,1103.0,,,,,,,,,,
2023,2,منطقة عسير,صُنع المنتجات الجلدية والمنتجات ذات الصلة,8.0,1.0,,,9.0,,,,,,,,,,
2023,2,منطقة عسير,صُنع المنتجات الغذائية,544.0,93.0,17.0,4.0,658.0,,,,,,,,,,
2023,2,منطقة عسير,صُنع المنسوجات,76.0,3.0,,,79.0,,,,,,,,,,
2023,2,منطقة عسير,صُنع المواد الكيميائية والمنتجات الكيميائية,30.0,25.0,5.0,1.0,61.0,,,,,,,,,,
2023,2,منطقة عسير,صُنع الورق ومنتجات الورق,12.0,9.0,1.0,,22.0,,,,,,,,,,
2023,2,منطقة عسير,صناعة الآلات والمعدات غير المصنفة في موضع أخر,17.0,5.0,3.0,,25.0,,,,,,,,,,
2023,2,منطقة عسير,صناعة المركبات ذات المحركات والمركبات المقطورة ونصف المقطورة,9.0,1.0,,,10.0,,,,,,,,,,
2023,2,منطقة عسير,صناعة معدات النقل الأخرى,5.0,,,,5.0,,,,,,,,,,
2023,2,منطقة عسير,صنع الأثاث,567.0,63.0,3.0,,633.0,,,,,,,,,,
2023,2,منطقة عسير,صنع الحواسيب والمنتجات الإلكترونية والبصرية,37.0,2.0,,,39.0,,,,,,,,,,
2023,2,منطقة عسير,صنع الفلزات القاعدية,68.0,16.0,2.0,,86.0,,,,,,,,,,
2023,2,منطقة عسير,صنع المعدات الكهربائية,28.0,5.0,2.0,,35.0,,,,,,,,,,
2023,2,منطقة عسير,صنع المنتجات الصيدلانية الأساسية والمستحضرات الصيدلانية,12.0,,1.0,,13.0,,,,,,,,,,
2023,2,منطقة عسير,صنع فحم الكوك والمنتجات النفطية المكررة,,1.0,1.0,,2.0,,,,,,,,,,
2023,2,منطقة عسير,صنع منتجات المطاط واللدائن,29.0,8.0,4.0,,41.0,,,,,,,,,,
2023,2,منطقة عسير,صنع منتجات المعادن اللافلزية الأخرى,294.0,158.0,40.0,6.0,498.0,,,,,,,,,,
2023,2,منطقة عسير,صنع منتجات المعادن المشكلة ( باستثناء الآلات والمعدات ),1101.0,95.0,8.0,,1204.0,,,,,,,,,,
2023,2,منطقة عسير,صيد الأسماك وتربية المائيات,1118.0,26.0,,,1144.0,,,,,,,,,,
2023,2,منطقة عسير,وكالات السفر ومشغّلو الجولات السياحية وخدمات الحجز والأنشطة المتصلة بها,59.0,4.0,,,63.0,,,,,,,,,,
2023,2,منطقة عسير,غير معرف,6160.0,113.0,2.0,1.0,6276.0,,,,,,,,,,
2023,2,منطقة مكة المكرمة,أبحاث الإعلان والسوق,1597.0,348.0,19.0,1.0,1965.0,,,,,,,,,,
2023,2,منطقة مكة المكرمة,استخراج النفط الخام والغاز الطبيعي,3.0,,,1.0,4.0,,,,,,,,,,
2023,2,منطقة مكة المكرمة,إصلاح أجهزة الحاسوب والسلع الشخصية والمنزلية,1441.0,100.0,5.0,,1546.0,,,,,,,,,,
2023,2,منطقة مكة المكرمة,إصلاح وتركيب الآلات والمعدات,1089.0,186.0,34.0,3.0,1312.0,,,,,,,,,,
2023,2,منطقة مكة المكرمة,الاتصالات,236.0,32.0,1.0,,269.0,,,,,,,,,,
2023,2,منطقة مكة المكرمة,الإدارة العامة والدفاع ؛ والضمان الاجتماعي الإلزامي,196.0,26.0,2.0,,224.0,,,,,,,,,,
2023,2,منطقة مكة المكرمة,الإقامة,1247.0,621.0,84.0,16.0,1968.0,,,,,,,,,,
2023,2,منطقة مكة المكرمة,الأنشطة الإبداعية والفنون وأنشطة الترفيه,106.0,7.0,,,113.0,,,,,,,,,,
2023,2,منطقة مكة المكرمة,الأنشطة الأخرى للتعدين واستغلال المحاجر,157.0,73.0,10.0,1.0,241.0,,,,,,,,,,
2023,2,منطقة مكة المكرمة,الأنشطة الإدارية للمكاتب ، وأنشطة الدعم للمكاتب وغير ذلك من أنشطة الدعم للأعمال,1559.0,280.0,28.0,2.0,1869.0,,,,,,,,,,
2023,2,منطقة مكة المكرمة,الأنشطة الإيجارية,3105.0,214.0,24.0,5.0,3348.0,,,,,,,,,,
2023,2,منطقة مكة المكرمة,الأنشطة البيطرية,60.0,18.0,1.0,,79.0,,,,,,,,,,
2023,2,منطقة مكة المكرمة,الأنشطة الرياضية وأنشطة التسلية والترفيه,619.0,193.0,23.0,1.0,836.0,,,,,,,,,,
2023,2,منطقة مكة المكرمة,الأنشطة العقارية,2020.0,420.0,37.0,3.0,2480.0,,,,,,,,,,
2023,2,منطقة مكة المكرمة,الأنشطة القانونية وأنشطة المحاسبة,816.0,311.0,13.0,1.0,1141.0,,,,,,,,,,
2023,2,منطقة مكة المكرمة,الأنشطة المساعدة لأنشطة الخدمات المالية وأنشطة التأمين,77.0,56.0,10.0,,143.0,,,,,,,,,,
2023,2,منطقة مكة المكرمة,الأنشطة المهنية والعلمية والتقنية الأخرى,473.0,67.0,3.0,,543.0,,,,,,,,,,
2023,2,منطقة مكة المكرمة,الأنشطة غير المتميزة لإنتاج السلع والخدمات التي تقوم بها الأسر المعيشية الخاصة لإستعمالها الخاص,2.0,,,,2.0,,,,,,,,,,
2023,2,منطقة مكة المكرمة,البحث والتطوير في المجال العلمي,48.0,12.0,2.0,1.0,63.0,,,,,,,,,,
2023,2,منطقة مكة المكرمة,التخزين وأنشطة الدعم للنقل,1043.0,509.0,93.0,21.0,1666.0,,,,,,,,,,
2023,2,منطقة مكة المكرمة,التعليم,667.0,371.0,134.0,17.0,1189.0,,,,,,,,,,
2023,2,منطقة مكة المكرمة,الحراجة وقطع الأخشاب,4.0,,,,4.0,,,,,,,,,,
2023,2,منطقة مكة المكرمة,الرعاية مع الإقامة,20.0,17.0,2.0,,39.0,,,,,,,,,,
2023,2,منطقة مكة المكرمة,الصحة البشرية,448.0,733.0,182.0,31.0,1394.0,,,,,,,,,,
2023,2,منطقة مكة المكرمة,الصرف الصحي,75.0,27.0,6.0,1.0,109.0,,,,,,,,,,
2023,2,منطقة مكة المكرمة,الصناعة التحويلية الأخرى,181.0,99.0,24.0,6.0,310.0,,,,,,,,,,
2023,2,منطقة مكة المكرمة,الطباعة واستنساخ وسائط الأعلام المسجّلة,195.0,85.0,7.0,,287.0,,,,,,,,,,
2023,2,منطقة مكة المكرمة,النقل البري و النقل عبر الأنابيب,3806.0,1012.0,158.0,24.0,5000.0,,,,,,,,,,
2023,2,منطقة مكة المكرمة,النقل الجوي,86.0,26.0,3.0,2.0,117.0,,,,,,,,,,
2023,2,منطقة مكة المكرمة,النقل المائي,123.0,36.0,4.0,,163.0,,,,,,,,,,
2023,2,منطقة مكة المكرمة,الهندسة المدنية,707.0,336.0,93.0,38.0,1174.0,,,,,,,,,,
2023,2,منطقة مكة المكرمة,أنشطة الاستخدام,401.0,55.0,6.0,9.0,471.0,,,,,,,,,,
2023,2,منطقة مكة المكرمة,أنشطة الاسر المعيشية التي تستخدم أفراداً للعمل المنزلي,1.0,,,,1.0,,,,,,,,,,
2023,2,منطقة مكة المكرمة,أنشطة الأمن والتحقيقات,67.0,36.0,8.0,5.0,116.0,,,,,,,,,,
2023,2,منطقة مكة المكرمة,أنشطة البرمجة الحاسوبية والخبرة الاستشارية وما يتصل بها من أنشطة,625.0,130.0,13.0,1.0,769.0,,,,,,,,,,
2023,2,منطقة مكة المكرمة,أنشطة البرمجة والإذاعة,20.0,11.0,1.0,,32.0,,,,,,,,,,
2023,2,منطقة مكة المكرمة,أنشطة البريد ونقل الرسائل والطرود بواسطة مندوبين,101.0,36.0,4.0,3.0,144.0,,,,,,,,,,
2023,2,منطقة مكة المكرمة,أنشطة التشييد المتخصصة,11638.0,1913.0,219.0,51.0,13821.0,,,,,,,,,,
2023,2,منطقة مكة المكرمة,أنشطة الخدمات الشخصية الأخرى,9334.0,735.0,18.0,,10087.0,,,,,,,,,,
2023,2,منطقة مكة المكرمة,أنشطة الخدمات المالية ، فيما عدا تمويل التأمين وصناديق المعاشات,319.0,98.0,18.0,2.0,437.0,,,,,,,,,,
2023,2,منطقة مكة المكرمة,أنشطة العمل الاجتماعي، دون إقامة,428.0,247.0,16.0,,691.0,,,,,,,,,,
2023,2,منطقة مكة المكرمة,أنشطة المعالجة وخدمات إدارة النفايات الأخرى,1.0,2.0,1.0,,4.0,,,,,,,,,,
2023,2,منطقة مكة المكرمة,أنشطة المعمارية والهندسية ، والاختبارات الفنية والتحليل,984.0,388.0,26.0,7.0,1405.0,,,,,,,,,,
2023,2,منطقة مكة المكرمة,أنشطة المكاتب الرئيسية، والأنشطة الاستشارية في مجال الإدارة,249.0,77.0,4.0,,330.0,,,,,,,,,,
2023,2,منطقة مكة المكرمة,أنشطة المكتبات والمحفوظات والمتاحف والأنشطة الثقافية الأخرى,60.0,4.0,1.0,,65.0,,,,,,,,,,
2023,2,منطقة مكة المكرمة,أنشطة المنظمات ذات العضوية,229.0,37.0,5.0,1.0,272.0,,,,,,,,,,
2023,2,منطقة مكة المكرمة,أنشطة النشر,107.0,19.0,4.0,,130.0,,,,,,,,,,
2023,2,منطقة مكة المكرمة,أنشطة تقديم الخدمات للمباني وتجميل المواقع,2744.0,819.0,228.0,62.0,3853.0,,,,,,,,,,
2023,2,منطقة مكة المكرمة,أنشطة جمع النفايات ومعالجتها وتصريفها ، واسترجاع المواد,97.0,66.0,8.0,5.0,176.0,,,,,,,,,,
2023,2,منطقة مكة المكرمة,أنشطة خدمات الأطعمة والمشروبات,17439.0,4497.0,296.0,24.0,22256.0,,,,,,,,,,
2023,2,منطقة مكة المكرمة,أنشطة خدمات المعلومات,115.0,48.0,3.0,2.0,168.0,,,,,,,,,,
2023,2,منطقة مكة المكرمة,أنشطة خدمات دعم التعدين,31.0,9.0,2.0,2.0,44.0,,,,,,,,,,
2023,2,منطقة مكة المكرمة,أنشطة زراعة المحاصيل والإنتاج الحيواني والصيد والخدمات المتصلة,1992.0,104.0,12.0,3.0,2111.0,,,,,,,,,,
2023,2,منطقة مكة المكرمة,تجارة التجزئة، باستثناء المركبات ذات المحركات والدراجات النارية,34016.0,6003.0,391.0,43.0,40453.0,,,,,,,,,,
2023,2,منطقة مكة المكرمة,تجارة الجملة ، باستثناء المركبات ذات المحركات والدراجات النارية,15032.0,4798.0,341.0,32.0,20203.0,,,,,,,,,,
2023,2,منطقة مكة المكرمة,تجارة الجملة والتجزئة ، وإصلاح المركبات ذات المحركات والدراجات النارية,11552.0,1616.0,77.0,21.0,13266.0,,,,,,,,,,
2023,2,منطقة مكة المكرمة,تجميع المياه ومعالجتها وتوصيلها,388.0,67.0,12.0,1.0,468.0,,,,,,,,,,
2023,2,منطقة مكة المكرمة,تشييد المباني,22610.0,5126.0,475.0,95.0,28306.0,,,,,,,,,,
2023,2,منطقة مكة المكرمة,تعدين الفحم والليغنيت,9.0,2.0,,,11.0,,,,,,,,,,
2023,2,منطقة مكة المكرمة,تعدين ركازات الفلزات,40.0,8.0,4.0,,52.0,,,,,,,,,,
2023,2,منطقة مكة المكرمة,تمويل التأمين وإعادة التأمين وصناديق المعاشات التقاعدية باستثناء الضمان الاجتماعي الإلزامي,11.0,8.0,5.0,1.0,25.0,,,,,,,,,,
2023,2,منطقة مكة المكرمة,توصيل الكهرباء والغاز والبخار وتكييف الهواء,65.0,31.0,5.0,2.0,103.0,,,,,,,,,,
2023,2,منطقة مكة المكرمة,صُنع الخشب ومنتجات الخشب والفلين ، باستثناء الأثاث ، صُنع أصناف من القش ومواد الضفر,714.0,134.0,15.0,3.0,866.0,,,,,,,,,,
2023,2,منطقة مكة المكرمة,صُنع المشروبات,99.0,40.0,26.0,7.0,172.0,,,,,,,,,,
2023,2,منطقة مكة المكرمة,صُنع الملبوسات,2991.0,193.0,21.0,2.0,3207.0,,,,,,,,,,
2023,2,منطقة مكة المكرمة,صُنع المنتجات الجلدية والمنتجات ذات الصلة,26.0,8.0,1.0,,35.0,,,,,,,,,,
2023,2,منطقة مكة المكرمة,صُنع المنتجات الغذائية,1582.0,430.0,118.0,36.0,2166.0,,,,,,,,,,
2023,2,منطقة مكة المكرمة,صُنع المنسوجات,305.0,55.0,8.0,2.0,370.0,,,,,,,,,,
2023,2,منطقة مكة المكرمة,صُنع المواد الكيميائية والمنتجات الكيميائية,257.0,201.0,85.0,5.0,548.0,,,,,,,,,,
2023,2,منطقة مكة المكرمة,صُنع الورق ومنتجات الورق,59.0,81.0,34.0,4.0,178.0,,,,,,,,,,
2023,2,منطقة مكة المكرمة,صناعة الآلات والمعدات غير المصنفة في موضع أخر,85.0,42.0,18.0,2.0,147.0,,,,,,,,,,
2023,2,منطقة مكة المكرمة,صناعة المركبات ذات المحركات والمركبات المقطورة ونصف المقطورة,44.0,16.0,9.0,1.0,70.0,,,,,,,,,,
2023,2,منطقة مكة المكرمة,صناعة معدات النقل الأخرى,25.0,6.0,4.0,,35.0,,,,,,,,,,
2023,2,منطقة مكة المكرمة,صنع الأثاث,757.0,107.0,31.0,,895.0,,,,,,,,,,
2023,2,منطقة مكة المكرمة,صنع الحواسيب والمنتجات الإلكترونية والبصرية,119.0,18.0,3.0,2.0,142.0,,,,,,,,,,
2023,2,منطقة مكة المكرمة,صنع الفلزات القاعدية,171.0,93.0,34.0,12.0,310.0,,,,,,,,,,
2023,2,منطقة مكة المكرمة,صنع المعدات الكهربائية,136.0,45.0,9.0,4.0,194.0,,,,,,,,,,
2023,2,منطقة مكة المكرمة,صنع المنتجات الصيدلانية الأساسية والمستحضرات الصيدلانية,38.0,16.0,7.0,1.0,62.0,,,,,,,,,,
2023,2,منطقة مكة المكرمة,صنع فحم الكوك والمنتجات النفطية المكررة,18.0,20.0,4.0,4.0,46.0,,,,,,,,,,
2023,2,منطقة مكة المكرمة,صنع منتجات المطاط واللدائن,100.0,87.0,34.0,12.0,233.0,,,,,,,,,,
2023,2,منطقة مكة المكرمة,صنع منتجات المعادن اللافلزية الأخرى,539.0,248.0,99.0,17.0,903.0,,,,,,,,,,
2023,2,منطقة مكة المكرمة,صنع منتجات المعادن المشكلة ( باستثناء الآلات والمعدات ),2197.0,364.0,80.0,9.0,2650.0,,,,,,,,,,
2023,2,منطقة مكة المكرمة,صيد الأسماك وتربية المائيات,6397.0,100.0,2.0,1.0,6500.0,,,,,,,,,,
2023,2,منطقة مكة المكرمة,وكالات السفر ومشغّلو الجولات السياحية وخدمات الحجز والأنشطة المتصلة بها,678.0,315.0,12.0,1.0,1006.0,,,,,,,,,,
2023,2,منطقة مكة المكرمة,غير معرف,17960.0,438.0,8.0,,18406.0,,,,,,,,,,
2023,2,منطقة نجران,أبحاث الإعلان والسوق,47.0,10.0,,,57.0,,,,,,,,,,
2023,2,منطقة نجران,استخراج النفط الخام والغاز الطبيعي,6.0,2.0,,,8.0,,,,,,,,,,
2023,2,منطقة نجران,إصلاح أجهزة الحاسوب والسلع الشخصية والمنزلية,214.0,37.0,4.0,,255.0,,,,,,,,,,
2023,2,منطقة نجران,إصلاح وتركيب الآلات والمعدات,59.0,2.0,1.0,,62.0,,,,,,,,,,
2023,2,منطقة نجران,الاتصالات,9.0,1.0,,,10.0,,,,,,,,,,
2023,2,منطقة نجران,الإدارة العامة والدفاع ؛ والضمان الاجتماعي الإلزامي,14.0,,,,14.0,,,,,,,,,,
2023,2,منطقة نجران,الإقامة,111.0,18.0,1.0,,130.0,,,,,,,,,,
2023,2,منطقة نجران,الأنشطة الإبداعية والفنون وأنشطة الترفيه,2.0,,,,2.0,,,,,,,,,,
2023,2,منطقة نجران,الأنشطة الأخرى للتعدين واستغلال المحاجر,17.0,7.0,3.0,,27.0,,,,,,,,,,
2023,2,منطقة نجران,الأنشطة الإدارية للمكاتب ، وأنشطة الدعم للمكاتب وغير ذلك من أنشطة الدعم للأعمال,107.0,2.0,,,109.0,,,,,,,,,,
2023,2,منطقة نجران,الأنشطة الإيجارية,1224.0,36.0,,,1260.0,,,,,,,,,,
2023,2,منطقة نجران,الأنشطة البيطرية,10.0,,,,10.0,,,,,,,,,,
2023,2,منطقة نجران,الأنشطة الرياضية وأنشطة التسلية والترفيه,42.0,18.0,,,60.0,,,,,,,,,,
2023,2,منطقة نجران,الأنشطة العقارية,66.0,6.0,,,72.0,,,,,,,,,,
2023,2,منطقة نجران,الأنشطة القانونية وأنشطة المحاسبة,39.0,3.0,,,42.0,,,,,,,,,,
2023,2,منطقة نجران,الأنشطة المساعدة لأنشطة الخدمات المالية وأنشطة التأمين,2.0,1.0,,,3.0,,,,,,,,,,
2023,2,منطقة نجران,الأنشطة المهنية والعلمية والتقنية الأخرى,30.0,,,,30.0,,,,,,,,,,
2023,2,منطقة نجران,التخزين وأنشطة الدعم للنقل,506.0,35.0,,,541.0,,,,,,,,,,
2023,2,منطقة نجران,التعليم,98.0,18.0,5.0,,121.0,,,,,,,,,,
2023,2,منطقة نجران,الرعاية مع الإقامة,,1.0,,,1.0,,,,,,,,,,
2023,2,منطقة نجران,الصحة البشرية,34.0,57.0,8.0,2.0,101.0,,,,,,,,,,
2023,2,منطقة نجران,الصرف الصحي,3.0,,,,3.0,,,,,,,,,,
2023,2,منطقة نجران,الصناعة التحويلية الأخرى,5.0,2.0,,,7.0,,,,,,,,,,
2023,2,منطقة نجران,الطباعة واستنساخ وسائط الأعلام المسجّلة,9.0,1.0,,,10.0,,,,,,,,,,
2023,2,منطقة نجران,النقل البري و النقل عبر الأنابيب,1008.0,100.0,5.0,,1113.0,,,,,,,,,,
2023,2,منطقة نجران,النقل الجوي,2.0,,,,2.0,,,,,,,,,,
2023,2,منطقة نجران,النقل المائي,6.0,1.0,,,7.0,,,,,,,,,,
2023,2,منطقة نجران,الهندسة المدنية,65.0,21.0,9.0,7.0,102.0,,,,,,,,,,
2023,2,منطقة نجران,أنشطة الاستخدام,56.0,7.0,2.0,,65.0,,,,,,,,,,
2023,2,منطقة نجران,أنشطة الاسر المعيشية التي تستخدم أفراداً للعمل المنزلي,1.0,,,,1.0,,,,,,,,,,
2023,2,منطقة نجران,أنشطة الأمن والتحقيقات,2.0,,,1.0,3.0,,,,,,,,,,
2023,2,منطقة نجران,أنشطة البرمجة الحاسوبية والخبرة الاستشارية وما يتصل بها من أنشطة,10.0,,,,10.0,,,,,,,,,,
2023,2,منطقة نجران,أنشطة البرمجة والإذاعة,1.0,,,,1.0,,,,,,,,,,
2023,2,منطقة نجران,أنشطة البريد ونقل الرسائل والطرود بواسطة مندوبين,4.0,,,,4.0,,,,,,,,,,
2023,2,منطقة نجران,أنشطة التشييد المتخصصة,1075.0,90.0,7.0,3.0,1175.0,,,,,,,,,,
2023,2,منطقة نجران,أنشطة الخدمات الشخصية الأخرى,950.0,22.0,,,972.0,,,,,,,,,,
2023,2,منطقة نجران,أنشطة الخدمات المالية ، فيما عدا تمويل التأمين وصناديق المعاشات,9.0,1.0,,,10.0,,,,,,,,,,
2023,2,منطقة نجران,أنشطة العمل الاجتماعي، دون إقامة,36.0,12.0,,,48.0,,,,,,,,,,
2023,2,منطقة نجران,أنشطة المعالجة وخدمات إدارة النفايات الأخرى,1.0,,,,1.0,,,,,,,,,,
2023,2,منطقة نجران,أنشطة المعمارية والهندسية ، والاختبارات الفنية والتحليل,159.0,13.0,,,172.0,,,,,,,,,,
2023,2,منطقة نجران,أنشطة المكاتب الرئيسية، والأنشطة الاستشارية في مجال الإدارة,4.0,,,,4.0,,,,,,,,,,
2023,2,منطقة نجران,أنشطة المكتبات والمحفوظات والمتاحف والأنشطة الثقافية الأخرى,6.0,,,,6.0,,,,,,,,,,
2023,2,منطقة نجران,أنشطة المنظمات ذات العضوية,29.0,2.0,1.0,,32.0,,,,,,,,,,
2023,2,منطقة نجران,أنشطة النشر,1.0,,1.0,,2.0,,,,,,,,,,
2023,2,منطقة نجران,أنشطة تقديم الخدمات للمباني وتجميل المواقع,168.0,40.0,13.0,7.0,228.0,,,,,,,,,,
2023,2,منطقة نجران,أنشطة جمع النفايات ومعالجتها وتصريفها ، واسترجاع المواد,12.0,1.0,,,13.0,,,,,,,,,,
2023,2,منطقة نجران,أنشطة خدمات الأطعمة والمشروبات,1620.0,199.0,8.0,1.0,1828.0,,,,,,,,,,
2023,2,منطقة نجران,أنشطة خدمات المعلومات,1.0,,,,1.0,,,,,,,,,,
2023,2,منطقة نجران,أنشطة خدمات دعم التعدين,1.0,,,,1.0,,,,,,,,,,
2023,2,منطقة نجران,أنشطة زراعة المحاصيل والإنتاج الحيواني والصيد والخدمات المتصلة,662.0,17.0,2.0,,681.0,,,,,,,,,,
2023,2,منطقة نجران,تجارة التجزئة، باستثناء المركبات ذات المحركات والدراجات النارية,2694.0,287.0,9.0,,2990.0,,,,,,,,,,
2023,2,منطقة نجران,تجارة الجملة ، باستثناء المركبات ذات المحركات والدراجات النارية,628.0,102.0,7.0,,737.0,,,,,,,,,,
2023,2,منطقة نجران,تجارة الجملة والتجزئة ، وإصلاح المركبات ذات المحركات والدراجات النارية,912.0,102.0,3.0,,1017.0,,,,,,,,,,
2023,2,منطقة نجران,تجميع المياه ومعالجتها وتوصيلها,27.0,5.0,3.0,,35.0,,,,,,,,,,
2023,2,منطقة نجران,تشييد المباني,2699.0,345.0,46.0,6.0,3096.0,,,,,,,,,,
2023,2,منطقة نجران,تعدين الفحم والليغنيت,1.0,,,,1.0,,,,,,,,,,
2023,2,منطقة نجران,تعدين ركازات الفلزات,4.0,1.0,,,5.0,,,,,,,,,,
2023,2,منطقة نجران,تمويل التأمين وإعادة التأمين وصناديق المعاشات التقاعدية باستثناء الضمان الاجتماعي الإلزامي,2.0,,,,2.0,,,,,,,,,,
2023,2,منطقة نجران,توصيل الكهرباء والغاز والبخار وتكييف الهواء,7.0,1.0,,,8.0,,,,,,,,,,
2023,2,منطقة نجران,صُنع الخشب ومنتجات الخشب والفلين ، باستثناء الأثاث ، صُنع أصناف من القش ومواد الضفر,86.0,2.0,,,88.0,,,,,,,,,,
2023,2,منطقة نجران,صُنع المشروبات,5.0,2.0,2.0,,9.0,,,,,,,,,,
2023,2,منطقة نجران,صُنع الملبوسات,413.0,18.0,1.0,,432.0,,,,,,,,,,
2023,2,منطقة نجران,صُنع المنتجات الجلدية والمنتجات ذات الصلة,3.0,,,,3.0,,,,,,,,,,
2023,2,منطقة نجران,صُنع المنتجات الغذائية,182.0,19.0,,,201.0,,,,,,,,,,
2023,2,منطقة نجران,صُنع المنسوجات,50.0,3.0,,,53.0,,,,,,,,,,
2023,2,منطقة نجران,صُنع المواد الكيميائية والمنتجات الكيميائية,10.0,5.0,3.0,,18.0,,,,,,,,,,
2023,2,منطقة نجران,صُنع الورق ومنتجات الورق,21.0,1.0,,,22.0,,,,,,,,,,
2023,2,منطقة نجران,صناعة الآلات والمعدات غير المصنفة في موضع أخر,10.0,1.0,1.0,,12.0,,,,,,,,,,
2023,2,منطقة نجران,صناعة المركبات ذات المحركات والمركبات المقطورة ونصف المقطورة,8.0,,,,8.0,,,,,,,,,,
2023,2,منطقة نجران,صناعة معدات النقل الأخرى,4.0,,,,4.0,,,,,,,,,,
2023,2,منطقة نجران,صنع الأثاث,110.0,12.0,3.0,,125.0,,,,,,,,,,
2023,2,منطقة نجران,صنع الحواسيب والمنتجات الإلكترونية والبصرية,6.0,,,,6.0,,,,,,,,,,
2023,2,منطقة نجران,صنع الفلزات القاعدية,34.0,,1.0,1.0,36.0,,,,,,,,,,
2023,2,منطقة نجران,صنع المعدات الكهربائية,7.0,2.0,,,9.0,,,,,,,,,,
2023,2,منطقة نجران,صنع المنتجات الصيدلانية الأساسية والمستحضرات الصيدلانية,3.0,1.0,,,4.0,,,,,,,,,,
2023,2,منطقة نجران,صنع منتجات المطاط واللدائن,12.0,3.0,3.0,,18.0,,,,,,,,,,
2023,2,منطقة نجران,صنع منتجات المعادن اللافلزية الأخرى,79.0,32.0,22.0,1.0,134.0,,,,,,,,,,
2023,2,منطقة نجران,صنع منتجات المعادن المشكلة ( باستثناء الآلات والمعدات ),347.0,10.0,1.0,,358.0,,,,,,,,,,
2023,2,منطقة نجران,صيد الأسماك وتربية المائيات,2260.0,14.0,,,2274.0,,,,,,,,,,
2023,2,منطقة نجران,وكالات السفر ومشغّلو الجولات السياحية وخدمات الحجز والأنشطة المتصلة بها,14.0,2.0,,,16.0,,,,,,,,,,
2023,2,منطقة نجران,غير معرف,3453.0,42.0,1.0,,3496.0,,,,,,,,,,
